candidate_name_full,office,governing_district,seat,election_type,date_month,date_day,date_year,party,campaign_position,campaign_fin_records_request,race_notes,scan_notes,cand_name_first,cand_name_middle,cand_name_last,cand_name_suffix,Office_orig_name,Link
AHMED AHMED,COUNCIL,LANCASTER CITY,2-YR,Municipal Primary,5,16,2023,DEM,open_seat,records scanned,,,AHMED,,AHMED,,COUNCIL LANCASTER CITY - 2 YR,"https://vr.co.lancaster.pa.us/ElectionReturns/May_16,_2023_-_Municipal_Primary/111.html"
AIMIE KELLERS,COUNCIL,COLUMBIA BOROUGH,,Municipal Primary,5,16,2023,DEM,challenger,records scanned,,,AIMIE,,KELLERS,,COUNCIL COLUMBIA,"https://vr.co.lancaster.pa.us/ElectionReturns/May_16,_2023_-_Municipal_Primary/125.html"
ALICE YODER,COUNTY COMMISSIONER,LANCASTER,,Municipal Primary,5,16,2023,DEM,open_seat,records scanned,,,ALICE,,YODER,,COUNTY COMMISSIONER,"https://vr.co.lancaster.pa.us/ElectionReturns/May_16,_2023_-_Municipal_Primary/13.html"
ALISON HUTCHINSON,SUPERVISOR,WEST HEMPFIELD TOWNSHIP,,Municipal Primary,5,16,2023,DEM,open_seat,records scanned,,,ALISON,,HUTCHINSON,,SUPERVISOR WEST HEMPFIELD,"https://vr.co.lancaster.pa.us/ElectionReturns/May_16,_2023_-_Municipal_Primary/323.html"
AMANDA CHAP,SCHOOL DIRECTOR,WARWICK SCHOOL DISTRICT,,Municipal Primary,5,16,2023,DEM/REP,challenger,records scanned,"- Five four-year seats available 
- 13 total candidates,  8 cross-filed, 5 running as Republicans 
- 2 appointed incumbents, Scott F. Landis and Daniel C. Wooley 
- Chap, Walker de Ardon, Wingenroth and McMillion were all endorsed by the Democratic Party
- Breault, Brown, Landis Weaver and Wooley were endorsed by the Republican party 
- Regennas, Chap, Walker de Ardon, McMillion, Wingenroth won  the Democratic Primary 
- Woolley, Weaver, Brown, Landis and Breault won the Republican Primary","Candidate sponsored by MCC ""Support Warwick Schools""",AMANDA,,CHAP,,SCHOOL DIRECTOR WARWICK,"https://vr.co.lancaster.pa.us/ElectionReturns/May_16,_2023_-_Municipal_Primary/105.html"
AMANDA CHAP,SCHOOL DIRECTOR,WARWICK SCHOOL DISTRICT,,Municipal Primary,5,16,2023,DEM/REP,challenger,records scanned,"- Five four-year seats available 
- 13 total candidates,  8 cross-filed, 5 running as Republicans 
- 2 appointed incumbents, Scott F. Landis and Daniel C. Wooley 
- Chap, Walker de Ardon, Wingenroth and McMillion were all endorsed by the Democratic Party
- Breault, Brown, Landis Weaver and Wooley were endorsed by the Republican party 
- Regennas, Chap, Walker de Ardon, McMillion, Wingenroth won  the Democratic Primary 
- Woolley, Weaver, Brown, Landis and Breault won the Republican Primary","Candidate sponsored by MCC ""Support Warwick Schools""",AMANDA,,CHAP,,SCHOOL DIRECTOR WARWICK,"https://vr.co.lancaster.pa.us/ElectionReturns/May_16,_2023_-_Municipal_Primary/106.html"
AMY MARTIN,SCHOOL DIRECTOR,WARWICK SCHOOL DISTRICT,2-YR,Municipal Primary,5,16,2023,REP,challenger,requested and no records on file,"- Two two-year seats available 
- Six candidates, Two Republicans, Four cross-filers, 
- Republicans Angie Lingo and Amy Martin win the Republican Primary
- Cyndi Delong and Dick Hall win the Democratic primary
",,AMY,,MARTIN,,SCHOOL DIRECTOR WARWICK - 2 YR,"https://vr.co.lancaster.pa.us/ElectionReturns/May_16,_2023_-_Municipal_Primary/108.html"
ANDRE GILBERT,COUNCIL,LANCASTER CITY,,Municipal Primary,5,16,2023,DEM,challenger,records scanned,,,ANDRE,,GILBERT,,COUNCIL LANCASTER CITY,"https://vr.co.lancaster.pa.us/ElectionReturns/May_16,_2023_-_Municipal_Primary/109.html"
ANDREW E SPADE,PROTHONOTARY,LANCASTER CITY,,Municipal Primary,5,16,2023,REP,open_seat,records scanned,,,ANDREW,E,SPADE,,PROTHONOTARY,"https://vr.co.lancaster.pa.us/ElectionReturns/May_16,_2023_-_Municipal_Primary/22.html"
ANDREW SCHOENBERGER,COUNCIL,ELIZABETHTOWN BOROUGH,1ST WARD,Municipal Primary,5,16,2023,REP,open_seat,requested and no records on file,,,ANDREW,,SCHOENBERGER,,COUNCIL ELIZABETHTOWN - 1ST WARD,"https://vr.co.lancaster.pa.us/ElectionReturns/May_16,_2023_-_Municipal_Primary/138.html"
ANGELA LASHER,COUNCIL,ELIZABETHTOWN BOROUGH,2ND WARD,Municipal Primary,5,16,2023,REP,challenger,requested and no records on file,,,ANGELA,,LASHER,,COUNCIL ELIZABETHTOWN - 2ND WARD,"https://vr.co.lancaster.pa.us/ElectionReturns/May_16,_2023_-_Municipal_Primary/140.html"
ANGELIC T MALLORY,SCHOOL DIRECTOR,SCHOOL DISTRICT OF LANCASTER,,Municipal Primary,5,16,2023,DEM,challenger,requested and no records on file,"- Five four-year seats are available 
- Five spots for each party 
- Robin Goodson, Kareena Rios and Molly Henderson are incumbents
- Goodson, Rios, Henderson, Holmes and Desmond are endorsed by the Democratic Party 
- Molly Henderson cross-filed 
- Arthur Mann Sr ran as the sole Republican 
- Rios, Holmes, Henderson, Goodson and Desmond won the Democratic nominations 
- Henderson and Arthur Mann Sr won the Republican nomination
",,ANGELIC,T,MALLORY,,SCHOOL DIRECTOR SCHOOL DISTRICT of LANCASTER,"https://vr.co.lancaster.pa.us/ElectionReturns/May_16,_2023_-_Municipal_Primary/97.html"
ANGIE LINGO,SCHOOL DIRECTOR,WARWICK SCHOOL DISTRICT,2-YR,Municipal Primary,5,16,2023,REP,challenger,requested and no records on file,"- Two two-year seats available 
- Six candidates, Two Republicans, Four cross-filers, 
- Republicans Angie Lingo and Amy Martin win the Republican Primary
- Cyndi Delong and Dick Hall win the Democratic primary",,ANGIE,,LINGO,,SCHOOL DIRECTOR WARWICK - 2 YR,"https://vr.co.lancaster.pa.us/ElectionReturns/May_16,_2023_-_Municipal_Primary/108.html"
ANNE RIVERS,SUPERVISOR,LANCASTER TOWNSHIP,,Municipal Primary,5,16,2023,REP,challenger,requested and no records on file,,,ANNE,,RIVERS,,SUPERVISOR LANCASTER,"https://vr.co.lancaster.pa.us/ElectionReturns/May_16,_2023_-_Municipal_Primary/340.html"
ARTHUR MANN SR,SCHOOL DIRECTOR,SCHOOL DISTRICT OF LANCASTER,,Municipal Primary,5,16,2023,REP,challenger,records scanned,"- Five four-year seats are available 
- Five spots for each party 
- Robin Goodson, Kareena Rios and Molly Henderson are incumbents
- Goodson, Rios, Henderson, Holmes and Desmond are endorsed by the Democratic Party 
- Molly Henderson cross-filed 
- Arthur Mann Sr ran as the sole Republican 
- Rios, Holmes, Henderson, Goodson and Desmond won the Democratic nominations 
- Henderson and Arthur Mann Sr won the Republican nomination
",,ARTHUR,,MANN,Sr,SCHOOL DIRECTOR SCHOOL DISTRICT of LANCASTER,"https://vr.co.lancaster.pa.us/ElectionReturns/May_16,_2023_-_Municipal_Primary/98.html"
ARTURO RENE MUNOZ,SUPERVISOR,EAST HEMPFIELD TOWNSHIP,,Municipal Primary,5,16,2023,DEM,challenger,records scanned,,,ARTURO,RENE,MUNOZ,,SUPERVISOR EAST HEMPFIELD,"https://vr.co.lancaster.pa.us/ElectionReturns/May_16,_2023_-_Municipal_Primary/317.html"
BARRY CARTER,SUPERVISOR,WEST HEMPFIELD TOWNSHIP,,Municipal Primary,5,16,2023,REP,challenger,records scanned,,,BARRY,,CARTER,,SUPERVISOR WEST HEMPFIELD,"https://vr.co.lancaster.pa.us/ElectionReturns/May_16,_2023_-_Municipal_Primary/324.html"
BETH WILLIAMS,SCHOOL DIRECTOR,ELIZABETHTOWN AREA SCHOOL DISTRICT,,Municipal Primary,5,16,2023,REP,challenger,records scanned,"'- 5 available spots per party to proceed to the municipal election in November.
- 1 incumbent, Karen Sweigart, cross-filed.
- 14 newcomer candidates, 4 running only in the Democratic primary, 2 running only in the Republican primary, and 8 cross-filed.
- Moore, Zhan, Fuddy, Laszakovitz, and Eichelberger won the Republican primary (in that order).
- Gilles, Carter, Riggelman, Shrum, and Wilson won the Democratic primary (in that order).
- No candidates won both party primaries, and incumbent Karen Sweigert was knocked from her seat.
- The Elizabethtown school board is one of many dealing with contentious alt-right ideology.",only one file scanned.,BETH,,WILLIAMS,,SCHOOL DIRECTOR ELIZABETHTOWN,"https://vr.co.lancaster.pa.us/ElectionReturns/May_16,_2023_-_Municipal_Primary/68.html"
BILL BREAULT,SCHOOL DIRECTOR,WARWICK SCHOOL DISTRICT,,Municipal Primary,5,16,2023,REP,challenger,requested and no records on file,"- Bill Brault, Scott Landis and Kimberly Regennas were all considered to be appointed to replace Millard Eppig Jr. on the board in 2022. ",,BILL,,BREAULT,,SCHOOL DIRECTOR WARWICK,"https://vr.co.lancaster.pa.us/ElectionReturns/May_16,_2023_-_Municipal_Primary/106.html"
BILL MANKIN II,MAGISTERIAL DISTRICT JUDGE,,02-03-04,Municipal Primary,5,16,2023,DEM/REP,open_seat,records scanned,,,BILL,,MANKIN,II,MAGISTERIAL DISTRICT JUDGE 02-3-04,"https://vr.co.lancaster.pa.us/ElectionReturns/May_16,_2023_-_Municipal_Primary/52.html"
BILL MANKIN II,MAGISTERIAL DISTRICT JUDGE,,02-03-04,Municipal Primary,5,16,2023,DEM/REP,open_seat,records scanned,,,BILL,,MANKIN,II,MAGISTERIAL DISTRICT JUDGE 02-3-04,"https://vr.co.lancaster.pa.us/ElectionReturns/May_16,_2023_-_Municipal_Primary/51.html"
BOB HOLLISTER,COUNTY COMMISSIONER,LANCASTER,,Municipal Primary,5,16,2023,DEM,open_seat,records scanned,,,BOB,,HOLLISTER,,COUNTY COMMISSIONER,"https://vr.co.lancaster.pa.us/ElectionReturns/May_16,_2023_-_Municipal_Primary/13.html"
BRAD A KROCK,AUDITOR,CAERNARVON TOWNSHIP,4-YR,Municipal Primary,5,16,2023,REP,open_seat,requested and no records on file,,,BRAD,A,KROCK,,AUDITOR CAERNARVON - 4 YR,"https://vr.co.lancaster.pa.us/ElectionReturns/May_16,_2023_-_Municipal_Primary/216.html"
BRAD CHAMBERS,COUNCIL,COLUMBIA BOROUGH,,Municipal Primary,5,16,2023,DEM,challenger,records scanned,,,BRAD,,CHAMBERS,,COUNCIL COLUMBIA,"https://vr.co.lancaster.pa.us/ElectionReturns/May_16,_2023_-_Municipal_Primary/125.html"
BRAD HIGGINS,TAX COLLECTOR,LANCASTER,2-YR,Municipal Primary,5,16,2023,REP,open_seat,requested and no records on file,,,BRAD,,HIGGINS,,TAX COLLECTOR LANCASTER - 2 YR,"https://vr.co.lancaster.pa.us/ElectionReturns/May_16,_2023_-_Municipal_Primary/346.html"
BRAD J BYERS,SUPERVISOR,DRUMORE TOWNSHIP,4-YR,Municipal Primary,5,16,2023,REP,open_seat,requested and no records on file,,,BRAD,J,BYERS,,SUPERVISOR DRUMORE - 4 YR,"https://vr.co.lancaster.pa.us/ElectionReturns/May_16,_2023_-_Municipal_Primary/260.html"
BRADLEY D BOOK,COUNCIL,STRASBURG BOROUGH,,Municipal Primary,5,16,2023,REP,challenger,requested and no records on file,,,BRADLEY,D,BOOK,,COUNCIL STRASBURG,"https://vr.co.lancaster.pa.us/ElectionReturns/May_16,_2023_-_Municipal_Primary/196.html"
BRADLEY LEAMAN,TAX COLLECTOR,STRASBURG TOWNSHIP,2-YR,Municipal Primary,5,16,2023,REP,open_seat,requested and no records on file,,,BRADLEY,,LEAMAN,,TAX COLLECTOR STRASBURG - 2 YR,"https://vr.co.lancaster.pa.us/ElectionReturns/May_16,_2023_-_Municipal_Primary/442.html"
BRANDON S GRAVER,SCHOOL DIRECTOR,PENN MANOR SCHOOL DISTRICT,2-YR,Municipal Primary,5,16,2023,REP,open_seat,requested and no records on file,"- One two-year seat available 
- One incumbent, two challengers
- All three candidates Republicans 
- Sweigert Endorsed by Republican Party
- ",,BRANDON,S,GRAVER,,SCHOOL DIRECTOR PENN MANOR - 2 YR,"https://vr.co.lancaster.pa.us/ElectionReturns/May_16,_2023_-_Municipal_Primary/90.html"
BRIAN BRAIGHTMEYER,COUNCIL,QUARRYVILLE,,Municipal Primary,5,16,2023,REP,challenger,requested and no records on file,,,BRIAN,,BRAIGHTMEYER,,COUNCIL QUARRYVILLE,"https://vr.co.lancaster.pa.us/ElectionReturns/May_16,_2023_-_Municipal_Primary/190.html"
BRIDE DURKIN-HANNOLD,MAGISTERIAL DISTRICT JUDGE,,02-03-01,Municipal Primary,5,16,2023,DEM/REP,open_seat,records scanned,,,BRIDE,,DURKIN-HANNOLD,,MAGISTERIAL DISTRICT JUDGE 02-3-01,"https://vr.co.lancaster.pa.us/ElectionReturns/May_16,_2023_-_Municipal_Primary/45.html"
BRIDE DURKIN-HANNOLD,MAGISTERIAL DISTRICT JUDGE,,02-03-01,Municipal Primary,5,16,2023,DEM/REP,open_seat,records scanned,,,BRIDE,,DURKIN-HANNOLD,,MAGISTERIAL DISTRICT JUDGE 02-3-01,"https://vr.co.lancaster.pa.us/ElectionReturns/May_16,_2023_-_Municipal_Primary/46.html"
BRITTANY KNIGHTON,SCHOOL DIRECTOR,COLUMBIA BOROUGH SCHOOL DISTRICT,,Municipal Primary,5,16,2023,DEM,challenger,requested and no records on file,"- 5 available spots for each party to proceed to the general election.
- 4 incumbents: all cross-filed.
- 6 newcomer candidates: 4 cross-filed, 1 republican, 1 democrat.
- Of 10 candidates, only 1 was knocked in primaries: Brittany Knighton, newcomer and democrat. All incumbents and others will proceed to the municipal election in November.
- Lauren VonStetten, Sandra Duncan, Sonya Duncan, Kathleen Hohenadel, Charles Leader, and Chris Misciagna are candidates of the MCC PAC ""Forward Tide United.""",,BRITTANY,,KNIGHTON,,SCHOOL DIRECTOR COLUMBIA,"https://vr.co.lancaster.pa.us/ElectionReturns/May_16,_2023_-_Municipal_Primary/57.html"
BRYAN NEFT,JUDGE OF THE COMMONWEALTH COURT,,,Municipal Primary,5,16,2023,DEM,open_seat,requested and no records on file,used PA judicial system website & Ballotpedia.,,BRYAN,,NEFT,,JUDGE OF THE COMMONWEALTH COURT,"https://vr.co.lancaster.pa.us/ElectionReturns/May_16,_2023_-_Municipal_Primary/9.html"
CALVIN BRACKBILL,SUPERVISOR,MOUNT JOY TOWNSHIP,,Municipal Primary,5,16,2023,REP,challenger,requested and no records on file,,,CALVIN,,BRACKBILL,,SUPERVISOR MT JOY,"https://vr.co.lancaster.pa.us/ElectionReturns/May_16,_2023_-_Municipal_Primary/378.html"
CARL S HACKMAN JR,SUPERVISOR,RAPHO TOWNSHIP,,Municipal Primary,5,16,2023,REP,open_seat,requested and no records on file,,,CARL,S,HACKMAN,Jr,SUPERVISOR RAPHO,"https://vr.co.lancaster.pa.us/ElectionReturns/May_16,_2023_-_Municipal_Primary/420.html"
CARL SMUCKER,SUPERVISOR,LEACOCK TOWNSHIP,,Municipal Primary,5,16,2023,REP,open_seat,requested and no records on file,,,CARL,,SMUCKER,,SUPERVISOR LEACOCK,"https://vr.co.lancaster.pa.us/ElectionReturns/May_16,_2023_-_Municipal_Primary/348.html"
CATHERINA CELOSSE,REGISTER OF WILLS,LANCASTER CITY,,Municipal Primary,5,16,2023,DEM,challenger,records scanned,,,CATHERINA,,CELOSSE,,REGISTER OF WILLS,"https://vr.co.lancaster.pa.us/ElectionReturns/May_16,_2023_-_Municipal_Primary/23.html"
CATHLEEN PANUS,TAX COLLECTOR,EAST PETERSBURG BOROUGH,2-YR,Municipal Primary,5,16,2023,REP,open_seat,requested and no records on file,,,CATHLEEN,,PANUS,,TAX COLLECTOR EAST PETERSBURG -2 YR,"https://vr.co.lancaster.pa.us/ElectionReturns/May_16,_2023_-_Municipal_Primary/136.html"
CELSO MESIAS,COMMISSIONER,MANHEIM TOWNSHIP,,Municipal Primary,5,16,2023,DEM,challenger,records scanned,,,CELSO,,MESIAS,,COMMISSIONER MANHEIM TOWNSHIP,"https://vr.co.lancaster.pa.us/ElectionReturns/May_16,_2023_-_Municipal_Primary/365.html"
CHANDLER EBY,COUNCIL,EPHRATA BOROUGH,3RD WARD,Municipal Primary,5,16,2023,DEM,open_seat,requested and no records on file,,,CHANDLER,,EBY,,COUNCIL EPHRATA - 3RD WARD,"https://vr.co.lancaster.pa.us/ElectionReturns/May_16,_2023_-_Municipal_Primary/149.html"
CHARLES F GRIMASUCKAS,COUNCIL,QUARRYVILLE,,Municipal Primary,5,16,2023,REP,challenger,requested and no records on file,,,CHARLES,F,GRIMASUCKAS,,COUNCIL QUARRYVILLE,"https://vr.co.lancaster.pa.us/ElectionReturns/May_16,_2023_-_Municipal_Primary/190.html"
CHERYL DESMOND,SCHOOL DIRECTOR,SCHOOL DISTRICT OF LANCASTER,,Municipal Primary,5,16,2023,DEM,challenger,records scanned,"- Five four-year seats are available 
- Five spots for each party 
- Robin Goodson, Kareena Rios and Molly Henderson are incumbents
- Goodson, Rios, Henderson, Holmes and Desmond are endorsed by the Democratic Party 
- Molly Henderson cross-filed 
- Arthur Mann Sr ran as the sole Republican 
- Rios, Holmes, Henderson, Goodson and Desmond won the Democratic nominations 
- Henderson and Arthur Mann Sr won the Republican nomination","Candidate sponsored by MCC ""Dems for School Director of Lancaster""",CHERYL,,DESMOND,,SCHOOL DIRECTOR SCHOOL DISTRICT of LANCASTER,"https://vr.co.lancaster.pa.us/ElectionReturns/May_16,_2023_-_Municipal_Primary/97.html"
CHRIS MISCIAGNA,SCHOOL DIRECTOR,COLUMBIA BOROUGH SCHOOL DISTRICT,,Municipal Primary,5,16,2023,DEM/REP,challenger,records scanned,"- 5 available spots for each party to proceed to the general election.
- 4 incumbents: all cross-filed.
- 6 newcomer candidates: 4 cross-filed, 1 republican, 1 democrat.
- Of 10 candidates, only 1 was knocked in primaries: Brittany Knighton, newcomer and democrat. All incumbents and others will proceed to the municipal election in November.
- Lauren VonStetten, Sandra Duncan, Sonya Duncan, Kathleen Hohenadel, Charles Leader, and Chris Misciagna are candidates of the MCC PAC ""Forward Tide United.""",,CHRIS,,MISCIAGNA,,SCHOOL DIRECTOR COLUMBIA,"https://vr.co.lancaster.pa.us/ElectionReturns/May_16,_2023_-_Municipal_Primary/58.html"
CHRIS MISCIAGNA,SCHOOL DIRECTOR,COLUMBIA BOROUGH SCHOOL DISTRICT,,Municipal Primary,5,16,2023,DEM/REP,challenger,records scanned,"- 5 available spots for each party to proceed to the general election.
- 4 incumbents: all cross-filed.
- 6 newcomer candidates: 4 cross-filed, 1 republican, 1 democrat.
- Of 10 candidates, only 1 was knocked in primaries: Brittany Knighton, newcomer and democrat. All incumbents and others will proceed to the municipal election in November.
- Lauren VonStetten, Sandra Duncan, Sonya Duncan, Kathleen Hohenadel, Charles Leader, and Chris Misciagna are candidates of the MCC PAC ""Forward Tide United.""",,CHRIS,,MISCIAGNA,,SCHOOL DIRECTOR COLUMBIA,"https://vr.co.lancaster.pa.us/ElectionReturns/May_16,_2023_-_Municipal_Primary/57.html"
CHRISTINA PARSONS,JUDGE OF THE COURT OF COMMON PLEAS,,,Municipal Primary,5,16,2023,REP,open_seat,records scanned,,,CHRISTINA,,PARSONS,,JUDGE OF THE COURT OF COMMON PLEAS,"https://vr.co.lancaster.pa.us/ElectionReturns/May_16,_2023_-_Municipal_Primary/12.html"
CHRISTINE WILSON,MAGISTERIAL DISTRICT JUDGE,,02-01-02,Municipal Primary,5,16,2023,DEM/REP,open_seat,records scanned,,,CHRISTINE,,WILSON,,MAGISTERIAL DISTRICT JUDGE 02-1-02,"https://vr.co.lancaster.pa.us/ElectionReturns/May_16,_2023_-_Municipal_Primary/30.html"
CHRISTINE WILSON,MAGISTERIAL DISTRICT JUDGE,,02-01-02,Municipal Primary,5,16,2023,DEM/REP,open_seat,records scanned,,,CHRISTINE,,WILSON,,MAGISTERIAL DISTRICT JUDGE 02-1-02,"https://vr.co.lancaster.pa.us/ElectionReturns/May_16,_2023_-_Municipal_Primary/29.html"
CHRISTOPHER BEILER,COUNCIL,AKRON BOROUGH,,Municipal Primary,5,16,2023,DEM,challenger,requested and no records on file,,,CHRISTOPHER,,BEILER,,COUNCIL AKRON,"https://vr.co.lancaster.pa.us/ElectionReturns/May_16,_2023_-_Municipal_Primary/119.html"
CHRISTY KRASSENSTEIN,SUPERVISOR,LITTLE BRITAIN TOWNSHIP,,Municipal Primary,5,16,2023,REP,challenger,requested and no records on file,,,CHRISTY,,KRASSENSTEIN,,SUPERVISOR LITTLE BRITAIN,"https://vr.co.lancaster.pa.us/ElectionReturns/May_16,_2023_-_Municipal_Primary/360.html"
COLE F KNIGHTON,SCHOOL DIRECTOR,COLUMBIA BOROUGH SCHOOL DISTRICT,,Municipal Primary,5,16,2023,DEM/REP,challenger,requested and no records on file,"- 5 available spots for each party to proceed to the general election.
- 4 incumbents: all cross-filed.
- 6 newcomer candidates: 4 cross-filed, 1 republican, 1 democrat.
- Of 10 candidates, only 1 was knocked in primaries: Brittany Knighton, newcomer and democrat. All incumbents and others will proceed to the municipal election in November.
- Lauren VonStetten, Sandra Duncan, Sonya Duncan, Kathleen Hohenadel, Charles Leader, and Chris Misciagna are candidates of the MCC PAC ""Forward Tide United.""",,COLE,F,KNIGHTON,,SCHOOL DIRECTOR COLUMBIA,"https://vr.co.lancaster.pa.us/ElectionReturns/May_16,_2023_-_Municipal_Primary/57.html"
COLE F KNIGHTON,SCHOOL DIRECTOR,COLUMBIA BOROUGH SCHOOL DISTRICT,,Municipal Primary,5,16,2023,DEM/REP,challenger,requested and no records on file,"- 5 available spots for each party to proceed to the general election.
- 4 incumbents: all cross-filed.
- 6 newcomer candidates: 4 cross-filed, 1 republican, 1 democrat.
- Of 10 candidates, only 1 was knocked in primaries: Brittany Knighton, newcomer and democrat. All incumbents and others will proceed to the municipal election in November.
- Lauren VonStetten, Sandra Duncan, Sonya Duncan, Kathleen Hohenadel, Charles Leader, and Chris Misciagna are candidates of the MCC PAC ""Forward Tide United.""",,COLE,F,KNIGHTON,,SCHOOL DIRECTOR COLUMBIA,"https://vr.co.lancaster.pa.us/ElectionReturns/May_16,_2023_-_Municipal_Primary/58.html"
COURTNEY MONSON,MAGISTERIAL DISTRICT JUDGE,,02-01-02,Municipal Primary,5,16,2023,DEM/REP,open_seat,records scanned,,,COURTNEY,,MONSON,,MAGISTERIAL DISTRICT JUDGE 02-1-02,"https://vr.co.lancaster.pa.us/ElectionReturns/May_16,_2023_-_Municipal_Primary/29.html"
COURTNEY MONSON,MAGISTERIAL DISTRICT JUDGE,,02-01-02,Municipal Primary,5,16,2023,DEM/REP,open_seat,records scanned,,,COURTNEY,,MONSON,,MAGISTERIAL DISTRICT JUDGE 02-1-02,"https://vr.co.lancaster.pa.us/ElectionReturns/May_16,_2023_-_Municipal_Primary/30.html"
COURTNEY RICHIE,SCHOOL DIRECTOR,WARWICK SCHOOL DISTRICT,,Municipal Primary,5,16,2023,DEM/REP,challenger,records scanned,"- 13 candidates, 5 Republicans and 8 cross-filers 
- Kimberly Regennas, Scott Landis, and Bill Brault were all considered to replace Millard Eppig Jr after his resignation in 2022
- Landis was eventually appointed in 2022",,COURTNEY,,RICHIE,,SCHOOL DIRECTOR WARWICK,"https://vr.co.lancaster.pa.us/ElectionReturns/May_16,_2023_-_Municipal_Primary/106.html"
COURTNEY RICHIE,SCHOOL DIRECTOR,WARWICK SCHOOL DISTRICT,,Municipal Primary,5,16,2023,DEM/REP,challenger,records scanned,"- 13 candidates, 5 Republicans and 8 cross-filers 
- Kimberly Regennas, Scott Landis, and Bill Brault were all considered to replace Millard Eppig Jr after his resignation in 2022
- Landis was eventually appointed in 2022",,COURTNEY,,RICHIE,,SCHOOL DIRECTOR WARWICK,"https://vr.co.lancaster.pa.us/ElectionReturns/May_16,_2023_-_Municipal_Primary/105.html"
CYNDI DELONG,SCHOOL DIRECTOR,WARWICK SCHOOL DISTRICT,2-YR,Municipal Primary,5,16,2023,DEM/REP,challenger,records scanned,"- Two two-year seats were open 
- Two spots per party 
- 4 candidates cross-filed 
- 2 candidates running as Republican 
- Lisa Miller is the only incumbent 
- Dick Hall and Cyndi Delong were endorsed by the Democratic Party 
- Angie Lingo and Amy Martin were endorsed by the Republican Party 
- Hall and Long won the Democratic nomination 
- Martin and Lingo won the Republican nomination ","Candidate sponsored by MCC ""Support Warwick Schools""",CYNDI,,DELONG,,SCHOOL DIRECTOR WARWICK - 2 YR,"https://vr.co.lancaster.pa.us/ElectionReturns/May_16,_2023_-_Municipal_Primary/107.html"
CYNDI DELONG,SCHOOL DIRECTOR,WARWICK SCHOOL DISTRICT,2-YR,Municipal Primary,5,16,2023,DEM/REP,challenger,records scanned,"- Two two-year seats were open 
- Two spots per party 
- 4 candidates cross-filed 
- 2 candidates running as Republican 
- Lisa Miller is the only incumbent 
- Dick Hall and Cyndi Delong were endorsed by the Democratic Party 
- Angie Lingo and Amy Martin were endorsed by the Republican Party 
- Hall and Long won the Democratic nomination 
- Martin and Lingo won the Republican nomination ","Candidate sponsored by MCC ""Support Warwick Schools""",CYNDI,,DELONG,,SCHOOL DIRECTOR WARWICK - 2 YR,"https://vr.co.lancaster.pa.us/ElectionReturns/May_16,_2023_-_Municipal_Primary/108.html"
CYNTHIA WINGENROTH,SCHOOL DIRECTOR,WARWICK SCHOOL DISTRICT,,Municipal Primary,5,16,2023,DEM/REP,challenger,records scanned,"- Five four-year seats available
- 13 candidates, 4 Republicans and 9 cross-filers
- Kimberly Regennas, Amanda Chap, Lydia de Ardon, Kelleye McMillion and Cynthia Wingenroth win the Democratic primary

","Candidate sponsored by MCC ""Support Warwick Schools""",CYNTHIA,,WINGENROTH,,SCHOOL DIRECTOR WARWICK,"https://vr.co.lancaster.pa.us/ElectionReturns/May_16,_2023_-_Municipal_Primary/105.html"
CYNTHIA WINGENROTH,SCHOOL DIRECTOR,WARWICK SCHOOL DISTRICT,,Municipal Primary,5,16,2023,DEM/REP,challenger,records scanned,"- Five four-year seats available
- 13 candidates, 4 Republicans and 9 cross-filers
- Kimberly Regennas, Amanda Chap, Lydia de Ardon, Kelleye McMillion and Cynthia Wingenroth win the Democratic primary

","Candidate sponsored by MCC ""Support Warwick Schools""",CYNTHIA,,WINGENROTH,,SCHOOL DIRECTOR WARWICK,"https://vr.co.lancaster.pa.us/ElectionReturns/May_16,_2023_-_Municipal_Primary/106.html"
DALE AUNGST,TAX COLLECTOR,WEST DONEGAL,2-YR,Municipal Primary,5,16,2023,REP,open_seat,requested and no records on file,,,DALE,,AUNGST,,TAX COLLECTOR WEST DONEGAL - 2 YR,"https://vr.co.lancaster.pa.us/ElectionReturns/May_16,_2023_-_Municipal_Primary/256.html"
DANIEL BURTON JR,SUPERVISOR,EAST COCALICO TOWNSHIP,,Municipal Primary,5,16,2023,REP,open_seat,records scanned,,,DANIEL,,BURTON,Jr,SUPERVISOR EAST COCALICO,"https://vr.co.lancaster.pa.us/ElectionReturns/May_16,_2023_-_Municipal_Primary/222.html"
DANIEL C WOOLLEY,SCHOOL DIRECTOR,WARWICK SCHOOL DISTRICT,,Municipal Primary,5,16,2023,REP,challenger,requested and no records on file,"- Five four-year seats available
- 11 candidates, 6 cross filed, 5 filed only as Republicans 
- 2 Incumbents: Hentz and Krueger
- Boldizer, Grenter, Henderson, Woodbury and Hentz were all endorsed by the Democratic party 
- Wallace, Adcock, Zimmerman, Burnett, and Krueger were all endorsed by the Republican party
- Vo Wallace, Adcock, Zimmerman, Krueger and Burnett won the Republican primary 
- Woodbury, Hentz, Boldizar, Henderson and Grenter won the Democratic Primary",,DANIEL,C,WOOLLEY,,SCHOOL DIRECTOR WARWICK,"https://vr.co.lancaster.pa.us/ElectionReturns/May_16,_2023_-_Municipal_Primary/106.html"
DANIEL GOOD,COUNCIL,MOUNTVILLE BOROUGH,,Municipal Primary,5,16,2023,REP,open_seat,requested and no records on file,,,DANIEL,,GOOD,,COUNCIL MOUNTVILLE,"https://vr.co.lancaster.pa.us/ElectionReturns/May_16,_2023_-_Municipal_Primary/184.html"
DARREN HUEGEL,AUDITOR,PEQUEA TOWNSHIP,,Municipal Primary,5,16,2023,REP,open_seat,requested and no records on file,,,DARREN,,HUEGEL,,AUDITOR PEQUEA,"https://vr.co.lancaster.pa.us/ElectionReturns/May_16,_2023_-_Municipal_Primary/410.html"
DARREN NEFF,AUDITOR,PARADISE TOWNSHIP,2-YR,Municipal Primary,5,16,2023,REP,open_seat,requested and no records on file,,,DARREN,,NEFF,,AUDITOR PARADISE - 2 YR,"https://vr.co.lancaster.pa.us/ElectionReturns/May_16,_2023_-_Municipal_Primary/396.html"
DAVID BURNETT,SCHOOL DIRECTOR,MANHEIM TOWNSHIP SCHOOL DISTRICT,,Municipal Primary,5,16,2023,REP,challenger,records scanned,"- Five four-year seats available
- 11 candidates, 6 cross filed, 5 filed only as Republicans
- 2 Incumbents: Hentz and Krueger
- Boldizer, Grenter, Henderson, Woodbury and Hentz were all endorsed by the Democratic party
- Wallace, Adcock, Zimmerman, Burnett, and Krueger were all endorsed by the Republican party
- Vo Wallace, Adcock, Zimmerman, Krueger and Burnett won the Republican primary
- Woodbury, Hentz, Boldizar, Henderson and Grenter won the Democratic Primary
","Candidate sponsored by MCC ""MT Excellence in Education""",DAVID,,BURNETT,,SCHOOL DIRECTOR MANHEIM TOWNSHIP,"https://vr.co.lancaster.pa.us/ElectionReturns/May_16,_2023_-_Municipal_Primary/82.html"
DAVID G GREINEDER,COUNCIL,MOUNT JOY BOROUGH,FLORIN WARD,Municipal Primary,5,16,2023,REP,open_seat,requested and no records on file,,,DAVID,G,GREINEDER,,COUNCIL MT JOY - FLORIN WARD,"https://vr.co.lancaster.pa.us/ElectionReturns/May_16,_2023_-_Municipal_Primary/178.html"
DAVID LAPP,SUPERVISOR,WEST EARL TOWNSHIP,2-YR,Municipal Primary,5,16,2023,REP,challenger,records scanned,,,DAVID,,LAPP,,SUPERVISOR WEST EARL - 2 YR,"https://vr.co.lancaster.pa.us/ElectionReturns/May_16,_2023_-_Municipal_Primary/286.html"
DAVID R BUCKWALTER,TAX COLLECTOR,EAST LAMPETER TOWNSHIP,2-YR,Municipal Primary,5,16,2023,REP,open_seat,requested and no records on file,,,DAVID,R,BUCKWALTER,,TAX COLLECTOR EAST LAMPETER - 2 YR,"https://vr.co.lancaster.pa.us/ElectionReturns/May_16,_2023_-_Municipal_Primary/334.html"
DAVID YOTHERS,AUDITOR,PARADISE TOWNSHIP,4-YR,Municipal Primary,5,16,2023,REP,open_seat,requested and no records on file,,,DAVID,,YOTHERS,,AUDITOR PARADISE - 4 YR,"https://vr.co.lancaster.pa.us/ElectionReturns/May_16,_2023_-_Municipal_Primary/394.html"
DAWN PATRICK,AUDITOR,WEST LAMPETER TOWNSHIP,,Municipal Primary,5,16,2023,REP,open_seat,requested and no records on file,,,DAWN,,PATRICK,,AUDITOR WEST LAMPETER,"https://vr.co.lancaster.pa.us/ElectionReturns/May_16,_2023_-_Municipal_Primary/338.html"
DAYNA LONDON,COUNCIL,LANCASTER CITY,2-YR,Municipal Primary,5,16,2023,DEM,open_seat,records scanned,,,DAYNA,,LONDON,,COUNCIL LANCASTER CITY - 2 YR,"https://vr.co.lancaster.pa.us/ElectionReturns/May_16,_2023_-_Municipal_Primary/111.html"
DEAN MCCOMSEY,SCHOOL DIRECTOR,LAMPETER-STRASBURG SCHOOL DISTRICT,,Municipal Primary,5,16,2023,REP,open_seat,requested and no records on file,"- 5 available seats.
- 3 incumbents, all running in the Republican primary.
- 2 newcomer candidates vying for 2 open seats, all running in the Republican primary.
- All candidates will proceed to the municipal election in November.
- Kari Steinacher filled a vacancy in Oct. 2022 when Scott Arnst resigned.",,DEAN,,MCCOMSEY,,SCHOOL DIRECTOR LAMPETER-STRASBURG,"https://vr.co.lancaster.pa.us/ElectionReturns/May_16,_2023_-_Municipal_Primary/76.html"
DELMAR J OBERHOLTZER,SUPERVISOR,MOUNT JOY TOWNSHIP,,Municipal Primary,5,16,2023,REP,challenger,requested and no records on file,,,DELMAR,J,OBERHOLTZER,,SUPERVISOR MT JOY,"https://vr.co.lancaster.pa.us/ElectionReturns/May_16,_2023_-_Municipal_Primary/378.html"
DERRICK D HILL SR,MAGISTERIAL DISTRICT JUDGE,,02-02-08,Municipal Primary,5,16,2023,DEM,open_seat,records scanned,,,DERRICK,D,HILL,Sr,MAGISTERIAL DISTRICT JUDGE 02-2-08,"https://vr.co.lancaster.pa.us/ElectionReturns/May_16,_2023_-_Municipal_Primary/43.html"
DICK HALL,SCHOOL DIRECTOR,WARWICK SCHOOL DISTRICT,2-YR,Municipal Primary,5,16,2023,DEM/REP,challenger,records scanned,"- Two two-year seats available
- Six candidates, Two Republicans, Four cross-filers,
- Republicans Angie Lingo and Amy Martin win the Republican Primary
- Cyndi Delong and Dick Hall win the Democratic primary
","Candidate sponsored by MCC ""Support Warwick Schools""",DICK,,HALL,,SCHOOL DIRECTOR WARWICK - 2 YR,"https://vr.co.lancaster.pa.us/ElectionReturns/May_16,_2023_-_Municipal_Primary/107.html"
DICK HALL,SCHOOL DIRECTOR,WARWICK SCHOOL DISTRICT,2-YR,Municipal Primary,5,16,2023,DEM/REP,challenger,records scanned,"- Two two-year seats available
- Six candidates, Two Republicans, Four cross-filers,
- Republicans Angie Lingo and Amy Martin win the Republican Primary
- Cyndi Delong and Dick Hall win the Democratic primary
",,DICK,,HALL,,SCHOOL DIRECTOR WARWICK - 2 YR,"https://vr.co.lancaster.pa.us/ElectionReturns/May_16,_2023_-_Municipal_Primary/108.html"
DOMINIC (NICK) CASTALDI,MAGISTERIAL DISTRICT JUDGE,,02-03-01,Municipal Primary,5,16,2023,DEM/REP,open_seat,records scanned,,,DOMINIC,NICK,CASTALDI,,MAGISTERIAL DISTRICT JUDGE 02-3-01,"https://vr.co.lancaster.pa.us/ElectionReturns/May_16,_2023_-_Municipal_Primary/45.html"
DOMINIC (NICK) CASTALDI,MAGISTERIAL DISTRICT JUDGE,,02-03-01,Municipal Primary,5,16,2023,DEM/REP,open_seat,records scanned,,,DOMINIC,NICK,CASTALDI,,MAGISTERIAL DISTRICT JUDGE 02-3-01,"https://vr.co.lancaster.pa.us/ElectionReturns/May_16,_2023_-_Municipal_Primary/46.html"
DONNA BUSHONG,SUPERVISOR,WEST HEMPFIELD TOWNSHIP,,Municipal Primary,5,16,2023,REP,challenger,requested and no records on file,,,DONNA,,BUSHONG,,SUPERVISOR WEST HEMPFIELD,"https://vr.co.lancaster.pa.us/ElectionReturns/May_16,_2023_-_Municipal_Primary/324.html"
DOUG BRUBAKER,AUDITOR,PARADISE TOWNSHIP,,Municipal Primary,5,16,2023,REP,open_seat,requested and no records on file,,"scanned earlier filings for ""Douglas W. Brubaker,"" but I don't know whether this is the same person.",DOUG,,BRUBAKER,,AUDITOR PARADISE,"https://vr.co.lancaster.pa.us/ElectionReturns/May_16,_2023_-_Municipal_Primary/392.html"
DWIGHT EICHELBERGER,SCHOOL DIRECTOR,ELIZABETHTOWN AREA SCHOOL DISTRICT,,Municipal Primary,5,16,2023,DEM,challenger,records scanned,"'- 5 available spots per party to proceed to the municipal election in November.
- 1 incumbent, Karen Sweigart, cross-filed.
- 14 newcomer candidates, 4 running only in the Democratic primary, 2 running only in the Republican primary, and 8 cross-filed.
- Moore, Zhan, Fuddy, Laszakovitz, and Eichelberger won the Republican primary (in that order).
- Gilles, Carter, Riggelman, Shrum, and Wilson won the Democratic primary (in that order).
- No candidates won both party primaries, and incumbent Karen Sweigert was knocked from her seat.
- The Elizabethtown school board is one of many dealing with contentious alt-right ideology.","Candidate sponsored by MCC ""Support Etown Schools",DWIGHT,,EICHELBERGER,,SCHOOL DIRECTOR ELIZABETHTOWN,"https://vr.co.lancaster.pa.us/ElectionReturns/May_16,_2023_-_Municipal_Primary/67.html"
DYLAN  M COLEMAN,SUPERVISOR,PARADISE TOWNSHIP,4-YR,Municipal Primary,5,16,2023,REP,open_seat,requested and no records on file,,,DYLAN,,M,Coleman,SUPERVISOR PARADISE - 4 YR,"https://vr.co.lancaster.pa.us/ElectionReturns/May_16,_2023_-_Municipal_Primary/388.html"
EDWARD C GALLAGHER,SUPERVISOR,EAST LAMPETER TOWNSHIP,,Municipal Primary,5,16,2023,REP,open_seat,requested and no records on file,,,EDWARD,C,GALLAGHER,,SUPERVISOR EAST LAMPETER,"https://vr.co.lancaster.pa.us/ElectionReturns/May_16,_2023_-_Municipal_Primary/330.html"
ERIC D SMUCKER,SCHOOL DIRECTOR,PEQUEA VALLEY SCHOOL DISTRICT,SALISBURY,Municipal Primary,5,16,2023,REP,open_seat,requested and no records on file,"- One seat available 
- Three candidates, all Republican
- Mike Fisher wins the Republican primary",,ERIC,D,SMUCKER,,SCHOOL DIRECTOR PEQUEA VALLEY - SALISBURY,"https://vr.co.lancaster.pa.us/ElectionReturns/May_16,_2023_-_Municipal_Primary/96.html"
ERIC M SCHMITT,MAGISTERIAL DISTRICT JUDGE,,02-02-07,Municipal Primary,5,16,2023,DEM/REP,open_seat,records scanned,,,ERIC,M,SCHMITT,,MAGISTERIAL DISTRICT JUDGE 02-2-07,"https://vr.co.lancaster.pa.us/ElectionReturns/May_16,_2023_-_Municipal_Primary/41.html"
ERIC M SCHMITT,MAGISTERIAL DISTRICT JUDGE,,02-02-07,Municipal Primary,5,16,2023,DEM/REP,open_seat,records scanned,,,ERIC,M,SCHMITT,,MAGISTERIAL DISTRICT JUDGE 02-2-07,"https://vr.co.lancaster.pa.us/ElectionReturns/May_16,_2023_-_Municipal_Primary/42.html"
ERICA BARE,AUDITOR,LITTLE BRITAIN TOWNSHIP,,Municipal Primary,5,16,2023,REP,open_seat,requested and no records on file,,,ERICA,,BARE,,AUDITOR LITTLE BRITAIN,"https://vr.co.lancaster.pa.us/ElectionReturns/May_16,_2023_-_Municipal_Primary/362.html"
ERIN L SMALL,SCHOOL DIRECTOR,HEMPFIELD SCHOOL DISTRICT,,Municipal Primary,5,16,2023,DEM/REP,challenger,records scanned,"- 5 available spots per party.
- 4 incumbents, 3 cross-filed and 1 running only in the Republican primary.
- 6 newcomer candidates, 5 cross-filed and 1 running only in the Democratic primary.
- Winners of the Dem primary: Megan L. Eshleman, Judy L. Brady, Erin L. Small, Kaleb Best, and Peter G. Langseth.
- Winners of the Rep primary: Justin Wolgemuth, Grant W. Keener, Patrick Wagner, Dylan T. Bard, and Fae Skuya.
- No candidate who cross-filed won both primaries. All incumbents will proceed to the municipal election in November.
- Hempfield's 2023 school board election is one of several in the county that has heated up due to Christian and alt-right ideology trickling into local school districts from national organizations.","Candidate sponsored by MCC ""Support Hempfield Schools""",ERIN,L,SMALL,,SCHOOL DIRECTOR HEMPFIELD,"https://vr.co.lancaster.pa.us/ElectionReturns/May_16,_2023_-_Municipal_Primary/73.html"
ERIN L SMALL,SCHOOL DIRECTOR,HEMPFIELD SCHOOL DISTRICT,,Municipal Primary,5,16,2023,DEM/REP,challenger,records scanned,"- 5 available spots per party.
- 4 incumbents, 3 cross-filed and 1 running only in the Republican primary.
- 6 newcomer candidates, 5 cross-filed and 1 running only in the Democratic primary.
- Winners of the Dem primary: Megan L. Eshleman, Judy L. Brady, Erin L. Small, Kaleb Best, and Peter G. Langseth.
- Winners of the Rep primary: Justin Wolgemuth, Grant W. Keener, Patrick Wagner, Dylan T. Bard, and Fae Skuya.
- No candidate who cross-filed won both primaries. All incumbents will proceed to the municipal election in November.
- Hempfield's 2023 school board election is one of several in the county that has heated up due to Christian and alt-right ideology trickling into local school districts from national organizations.","Candidate sponsored by MCC ""Support Hempfield Schools""",ERIN,L,SMALL,,SCHOOL DIRECTOR HEMPFIELD,"https://vr.co.lancaster.pa.us/ElectionReturns/May_16,_2023_-_Municipal_Primary/74.html"
FAE SKUYA,SCHOOL DIRECTOR,HEMPFIELD SCHOOL DISTRICT,,Municipal Primary,5,16,2023,DEM/REP,challenger,records scanned,"- 5 available spots per party.
- 4 incumbents, 3 cross-filed and 1 running only in the Republican primary.
- 6 newcomer candidates, 5 cross-filed and 1 running only in the Democratic primary.
- Winners of the Dem primary: Megan L. Eshleman, Judy L. Brady, Erin L. Small, Kaleb Best, and Peter G. Langseth.
- Winners of the Rep primary: Justin Wolgemuth, Grant W. Keener, Patrick Wagner, Dylan T. Bard, and Fae Skuya.
- No candidate who cross-filed won both primaries. All incumbents will proceed to the municipal election in November.
- Hempfield's 2023 school board election is one of several in the county that has heated up due to Christian and alt-right ideology trickling into local school districts from national organizations.",,FAE,,SKUYA,,SCHOOL DIRECTOR HEMPFIELD,"https://vr.co.lancaster.pa.us/ElectionReturns/May_16,_2023_-_Municipal_Primary/74.html"
FAE SKUYA,SCHOOL DIRECTOR,HEMPFIELD SCHOOL DISTRICT,,Municipal Primary,5,16,2023,DEM/REP,challenger,records scanned,"- 5 available spots per party.
- 4 incumbents, 3 cross-filed and 1 running only in the Republican primary.
- 6 newcomer candidates, 5 cross-filed and 1 running only in the Democratic primary.
- Winners of the Dem primary: Megan L. Eshleman, Judy L. Brady, Erin L. Small, Kaleb Best, and Peter G. Langseth.
- Winners of the Rep primary: Justin Wolgemuth, Grant W. Keener, Patrick Wagner, Dylan T. Bard, and Fae Skuya.
- No candidate who cross-filed won both primaries. All incumbents will proceed to the municipal election in November.
- Hempfield's 2023 school board election is one of several in the county that has heated up due to Christian and alt-right ideology trickling into local school districts from national organizations.",,FAE,,SKUYA,,SCHOOL DIRECTOR HEMPFIELD,"https://vr.co.lancaster.pa.us/ElectionReturns/May_16,_2023_-_Municipal_Primary/73.html"
FRED THOMAS,SCHOOL DIRECTOR,COLUMBIA BOROUGH SCHOOL DISTRICT,,Municipal Primary,5,16,2023,DEM/REP,challenger,requested and no records on file,"- 5 available spots for each party to proceed to the general election.
- 4 incumbents: all cross-filed.
- 6 newcomer candidates: 4 cross-filed, 1 republican, 1 democrat.
- Of 10 candidates, only 1 was knocked in primaries: Brittany Knighton, newcomer and democrat. All incumbents and others will proceed to the municipal election in November.
- Lauren VonStetten, Sandra Duncan, Sonya Duncan, Kathleen Hohenadel, Charles Leader, and Chris Misciagna are candidates of the MCC PAC ""Forward Tide United.""",,FRED,,THOMAS,,SCHOOL DIRECTOR COLUMBIA,"https://vr.co.lancaster.pa.us/ElectionReturns/May_16,_2023_-_Municipal_Primary/57.html"
FRED THOMAS,SCHOOL DIRECTOR,COLUMBIA BOROUGH SCHOOL DISTRICT,,Municipal Primary,5,16,2023,DEM/REP,challenger,requested and no records on file,"- 5 available spots for each party to proceed to the general election.
- 4 incumbents: all cross-filed.
- 6 newcomer candidates: 4 cross-filed, 1 republican, 1 democrat.
- Of 10 candidates, only 1 was knocked in primaries: Brittany Knighton, newcomer and democrat. All incumbents and others will proceed to the municipal election in November.
- Lauren VonStetten, Sandra Duncan, Sonya Duncan, Kathleen Hohenadel, Charles Leader, and Chris Misciagna are candidates of the MCC PAC ""Forward Tide United.""
- Thomas lost in 2019.",,FRED,,THOMAS,,SCHOOL DIRECTOR COLUMBIA,"https://vr.co.lancaster.pa.us/ElectionReturns/May_16,_2023_-_Municipal_Primary/58.html"
GARY HAMBRIGHT,SCHOOL DIRECTOR,COCALICO SCHOOL DISTRICT,,Municipal Primary,5,16,2023,REP,challenger,requested and no records on file,"- ""Of the six candidates running for five four-year school board seats on the Republican ballot in Cocalico School District, Pamela L.K. Blickle, Kevin Eshleman, Juanita Fox, Gary Hambright and Desiree Wagner claimed spots in the general election. Kerry Gable, a cross-filed Democrat, did not earn a Republican nomination but will appear on the November ballot as a Democrat."" LNP, May 2023
- 5 seats, 4 incumbents, 2 newcomers. All candidates will proceed to municipal elections due to Gable's crossfiling.",,GARY,,HAMBRIGHT,,SCHOOL DIRECTOR COCALICO,"https://vr.co.lancaster.pa.us/ElectionReturns/May_16,_2023_-_Municipal_Primary/56.html"
GAVIN R GROVE,COUNCIL,AKRON BOROUGH,,Municipal Primary,5,16,2023,DEM,challenger,requested and no records on file,,,GAVIN,R,GROVE,,COUNCIL AKRON,"https://vr.co.lancaster.pa.us/ElectionReturns/May_16,_2023_-_Municipal_Primary/119.html"
GERALD D HEILNER II,AUDITOR,MOUNT JOY TOWNSHIP,,Municipal Primary,5,16,2023,REP,open_seat,requested and no records on file,,,GERALD,D,HEILNER,II,AUDITOR MT JOY,"https://vr.co.lancaster.pa.us/ElectionReturns/May_16,_2023_-_Municipal_Primary/380.html"
GREGG MEGLIC,COMMISSIONER,MANHEIM TOWNSHIP,,Municipal Primary,5,16,2023,REP,open_seat,records scanned,,,GREGG,,MEGLIC,,COMMISSIONER MANHEIM TOWNSHIP,"https://vr.co.lancaster.pa.us/ElectionReturns/May_16,_2023_-_Municipal_Primary/366.html"
HARRY F SMAIL JR,JUDGE OF THE SUPERIOR COURT,,,Municipal Primary,5,16,2023,REP,open_seat,requested and no records on file,,,HARRY,F,SMAIL,Jr,JUDGE OF THE SUPERIOR COURT,"https://vr.co.lancaster.pa.us/ElectionReturns/May_16,_2023_-_Municipal_Primary/8.html"
IAN J GODINEZ,SCHOOL DIRECTOR,CONESTOGA VALLEY SCHOOL DISTRICT,,Municipal Primary,5,16,2023,DEM,challenger,records scanned,"- 5 available spots per party to proceed to the municipal election.
- 2 incumbents, both running in the Republican primary.
- 5 newcomer candidates, 3 running in the Republican primary and 2 running in the Democratic primary.
- All candidates will proceed to the municipal election in November.",,IAN,J,GODINEZ,,SCHOOL DIRECTOR CONESTOGA VALLEY,"https://vr.co.lancaster.pa.us/ElectionReturns/May_16,_2023_-_Municipal_Primary/61.html"
IVAN ACOSTA-VELEZ,COUNCIL,LANCASTER CITY,,Municipal Primary,5,16,2023,DEM,challenger,requested and no records on file,,,IVAN,,ACOSTA-VELEZ,,COUNCIL LANCASTER CITY,"https://vr.co.lancaster.pa.us/ElectionReturns/May_16,_2023_-_Municipal_Primary/109.html"
JAMES GILLES,SCHOOL DIRECTOR,ELIZABETHTOWN AREA SCHOOL DISTRICT,,Municipal Primary,5,16,2023,DEM/REP,challenger,records scanned,"'- 5 available spots per party to proceed to the municipal election in November.
- 1 incumbent, Karen Sweigart, cross-filed.
- 14 newcomer candidates, 4 running only in the Democratic primary, 2 running only in the Republican primary, and 8 cross-filed.
- Moore, Zhan, Fuddy, Laszakovitz, and Eichelberger won the Republican primary (in that order).
- Gilles, Carter, Riggelman, Shrum, and Wilson won the Democratic primary (in that order).
- No candidates won both party primaries, and incumbent Karen Sweigert was knocked from her seat.
- The Elizabethtown school board is one of many dealing with contentious alt-right ideology.",,JAMES,,GILLES,,SCHOOL DIRECTOR ELIZABETHTOWN,"https://vr.co.lancaster.pa.us/ElectionReturns/May_16,_2023_-_Municipal_Primary/67.html"
JAMES GILLES,SCHOOL DIRECTOR,ELIZABETHTOWN AREA SCHOOL DISTRICT,,Municipal Primary,5,16,2023,DEM/REP,challenger,records scanned,"'- 5 available spots per party to proceed to the municipal election in November.
- 1 incumbent, Karen Sweigart, cross-filed.
- 14 newcomer candidates, 4 running only in the Democratic primary, 2 running only in the Republican primary, and 8 cross-filed.
- Moore, Zhan, Fuddy, Laszakovitz, and Eichelberger won the Republican primary (in that order).
- Gilles, Carter, Riggelman, Shrum, and Wilson won the Democratic primary (in that order).
- No candidates won both party primaries, and incumbent Karen Sweigert was knocked from her seat.
- The Elizabethtown school board is one of many dealing with contentious alt-right ideology.",,JAMES,,GILLES,,SCHOOL DIRECTOR ELIZABETHTOWN,"https://vr.co.lancaster.pa.us/ElectionReturns/May_16,_2023_-_Municipal_Primary/68.html"
JAMES JOHNSON-NULL,COUNCIL,ADAMSTOWN BOROUGH,,Municipal Primary,5,16,2023,DEM,open_seat,requested and no records on file,,,JAMES,,JOHNSON-NULL,,COUNCIL ADAMSTOWN,"https://vr.co.lancaster.pa.us/ElectionReturns/May_16,_2023_-_Municipal_Primary/113.html"
JAMES L KRIEDER,COUNCIL,QUARRYVILLE,2-YR,Municipal Primary,5,16,2023,REP,open_seat,requested and no records on file,,,JAMES,L,KRIEDER,,COUNCIL QUARRYVILLE - 2 YR,"https://vr.co.lancaster.pa.us/ElectionReturns/May_16,_2023_-_Municipal_Primary/192.html"
JAMES P MAY,AUDITOR,ELIZABETH TOWNSHIP,4-YR,Municipal Primary,5,16,2023,REP,challenger,requested and no records on file,,,JAMES,P,MAY,,AUDITOR ELIZABETH - 4 YR,"https://vr.co.lancaster.pa.us/ElectionReturns/May_16,_2023_-_Municipal_Primary/308.html"
JANET DIAZ,COUNTY COMMISSIONER,LANCASTER,,Municipal Primary,5,16,2023,DEM,open_seat,records scanned,,,JANET,,DIAZ,,COUNTY COMMISSIONER,"https://vr.co.lancaster.pa.us/ElectionReturns/May_16,_2023_-_Municipal_Primary/13.html"
JARED ZEAMER,COUNCIL,MANHEIM BOROUGH,1ST WARD,Municipal Primary,5,16,2023,REP,open_seat,requested and no records on file,,,JARED,,ZEAMER,,COUNCIL MANHEIM - 1ST WARD,"https://vr.co.lancaster.pa.us/ElectionReturns/May_16,_2023_-_Municipal_Primary/162.html"
JAROD HYNSON,SCHOOL DIRECTOR,EASTERN LANCASTER COUNTY SCHOOL DISTRICT,,Municipal Primary,5,16,2023,REP,challenger,requested and no records on file,"- 5 available spots per party to proceed to the municipal election.
- 3 incumbents, all running in the Republican primary.
- 3 newcomer candidates, 2 running in the Republican primary and 1, Sean Reese, running in the Democratic primary.
- All candidates will proceed to the municipal election with one candidate facing an inevitable loss in November.
- Sean Reese ran and lost in 2021.",,JAROD,,HYNSON,,SCHOOL DIRECTOR EASTERN LANCASTER,"https://vr.co.lancaster.pa.us/ElectionReturns/May_16,_2023_-_Municipal_Primary/66.html"
JASON BRECKBILL,SCHOOL DIRECTOR,EPHRATA AREA SCHOOL DISTRICT,,Municipal Primary,5,16,2023,REP,challenger,requested and no records on file,"- 5 available spots per party.
- 4 incumbents, all running only in the Republican primary.
- 2 newcomer candidates, Republican Jason Breckbill and Democrat Timothy L. Craven.
- All candidates will proceed to the municipal election in November.
- Tim Craven is a former board member, according to LNP Archives.",,JASON,,BRECKBILL,,SCHOOL DIRECTOR EPHRATA,"https://vr.co.lancaster.pa.us/ElectionReturns/May_16,_2023_-_Municipal_Primary/70.html"
JEFF VANCE,SCHOOL DIRECTOR,WARWICK SCHOOL DISTRICT,2-YR,Municipal Primary,5,16,2023,DEM/REP,challenger,requested and no records on file,"- Two two-year seats were open 
- Two spots per party 
- 4 candidates cross-filed 
- 2 candidates running as Republican 
- Lisa Miller is the only incumbent 
- Dick Hall and Cyndi Delong were endorsed by the Democratic Party 
- Angie Lingo and Amy Martin were endorsed by the Republican Party 
- Hall and Long won the Democratic nomination 
- Martin and Lingo won the Republican nomination 
",,JEFF,,VANCE,,SCHOOL DIRECTOR WARWICK - 2 YR,"https://vr.co.lancaster.pa.us/ElectionReturns/May_16,_2023_-_Municipal_Primary/107.html"
JEFF VANCE,SCHOOL DIRECTOR,WARWICK SCHOOL DISTRICT,2-YR,Municipal Primary,5,16,2023,DEM/REP,challenger,requested and no records on file,"- Two two-year seats were open 
- Two spots per party 
- 4 candidates cross-filed 
- 2 candidates running as Republican 
- Lisa Miller is the only incumbent 
- Dick Hall and Cyndi Delong were endorsed by the Democratic Party 
- Angie Lingo and Amy Martin were endorsed by the Republican Party 
- Hall and Long won the Democratic nomination 
- Martin and Lingo won the Republican nomination 
",,JEFF,,VANCE,,SCHOOL DIRECTOR WARWICK - 2 YR,"https://vr.co.lancaster.pa.us/ElectionReturns/May_16,_2023_-_Municipal_Primary/108.html"
JEFFREY KREIDER,SUPERVISOR,PEQUEA TOWNSHIP,,Municipal Primary,5,16,2023,REP,open_seat,records scanned,,,JEFF,,KREIDER,,SUPERVISOR PEQUEA,"https://vr.co.lancaster.pa.us/ElectionReturns/May_16,_2023_-_Municipal_Primary/408.html"
JEFFREY W RAMBISH,COUNCIL,MILLERSVILLE BOROUGH,,Municipal Primary,5,16,2023,REP,open_seat,requested and no records on file,,,JEFFREY,W,RAMBISH,,COUNCIL MILLERSVILLE,"https://vr.co.lancaster.pa.us/ElectionReturns/May_16,_2023_-_Municipal_Primary/172.html"
JEFFREY WINTERBORNE,COUNCIL,ELIZABETHTOWN BOROUGH,3RD WARD,Municipal Primary,5,16,2023,REP,open_seat,requested and no records on file,,,JEFFREY,,WINTERBORNE,,COUNCIL ELIZABETHTOWN - 3RD WARD,"https://vr.co.lancaster.pa.us/ElectionReturns/May_16,_2023_-_Municipal_Primary/142.html"
JEREMY ESHLEMAN,SUPERVISOR,CONESTOGA TOWNSHIP,,Municipal Primary,5,16,2023,REP,open_seat,requested and no records on file,,,JEREMY,,ESHLEMAN,,SUPERVISOR CONESTOGA,"https://vr.co.lancaster.pa.us/ElectionReturns/May_16,_2023_-_Municipal_Primary/234.html"
JERRY MECK,COUNCIL,LITITZ BOROUGH,3RD WARD,Municipal Primary,5,16,2023,DEM,open_seat,records scanned,,,JERRY,,MECK,,COUNCIL LITITZ - 3RD WARD,"https://vr.co.lancaster.pa.us/ElectionReturns/May_16,_2023_-_Municipal_Primary/159.html"
JESSE D HERSH,SUPERVISOR,EAST HEMPFIELD TOWNSHIP,,Municipal Primary,5,16,2023,REP,challenger,records scanned,,,JESSE,D,HERSH,,SUPERVISOR EAST HEMPFIELD,"https://vr.co.lancaster.pa.us/ElectionReturns/May_16,_2023_-_Municipal_Primary/318.html"
JILL BECK,JUDGE OF THE SUPERIOR COURT,,,Municipal Primary,5,16,2023,DEM,open_seat,requested and no records on file,,,JILL,,BECK,,JUDGE OF THE SUPERIOR COURT,"https://vr.co.lancaster.pa.us/ElectionReturns/May_16,_2023_-_Municipal_Primary/7.html"
JIM KECK,SUPERVISOR,MANOR TOWNSHIP,,Municipal Primary,5,16,2023,REP,open_seat,requested and no records on file,,,JIM,,KECK,,SUPERVISOR MANOR,"https://vr.co.lancaster.pa.us/ElectionReturns/May_16,_2023_-_Municipal_Primary/368.html"
JOANNE PRICE,COUNCIL,COLUMBIA BOROUGH,,Municipal Primary,5,16,2023,REP,challenger,requested and no records on file,,,JOANNE,,PRICE,,COUNCIL COLUMBIA,"https://vr.co.lancaster.pa.us/ElectionReturns/May_16,_2023_-_Municipal_Primary/126.html"
JOE STAUFFER,MAGISTERIAL DISTRICT JUDGE,,02-02-08,Municipal Primary,5,16,2023,DEM/REP,open_seat,records scanned,,,JOE,,STAUFFER,,MAGISTERIAL DISTRICT JUDGE 02-2-08,"https://vr.co.lancaster.pa.us/ElectionReturns/May_16,_2023_-_Municipal_Primary/43.html"
JOE STAUFFER,MAGISTERIAL DISTRICT JUDGE,,02-02-08,Municipal Primary,5,16,2023,DEM/REP,open_seat,records scanned,,,JOE,,STAUFFER,,MAGISTERIAL DISTRICT JUDGE 02-2-08,"https://vr.co.lancaster.pa.us/ElectionReturns/May_16,_2023_-_Municipal_Primary/44.html"
JOEL B KOSER,TAX COLLECTOR,MOUNT JOY BOROUGH,2-YR,Municipal Primary,5,16,2023,REP,open_seat,requested and no records on file,,,JOEL,B,KOSER,,TAX COLLECTOR MT JOY - 2 YR,"https://vr.co.lancaster.pa.us/ElectionReturns/May_16,_2023_-_Municipal_Primary/384.html"
JOELYN METZLER,SCHOOL DIRECTOR,OCTORARA AREA SCHOOL DISTRICT,REGION 2,Municipal Primary,5,16,2023,REP,challenger,requested and no records on file,"- One available seat,
- One candidate, Republican ",,JOELYN,,METZLER,,SCHOOL DIRECTOR OCTORARA REGION 2,"https://vr.co.lancaster.pa.us/ElectionReturns/May_16,_2023_-_Municipal_Primary/86.html"
JOHN BENDER,MAGISTERIAL DISTRICT JUDGE,,02-02-02,Municipal Primary,5,16,2023,DEM,open_seat,records scanned,,,JOHN,,BENDER,,MAGISTERIAL DISTRICT JUDGE 02-2-02,"https://vr.co.lancaster.pa.us/ElectionReturns/May_16,_2023_-_Municipal_Primary/33.html"
JOHN HURSH,COUNCIL,LANCASTER CITY,,Municipal Primary,5,16,2023,DEM,challenger,records scanned,,,JOHN,,HURSH,,COUNCIL LANCASTER CITY,"https://vr.co.lancaster.pa.us/ElectionReturns/May_16,_2023_-_Municipal_Primary/109.html"
JOHN LENTZ,AUDITOR,RAPHO TOWNSHIP,,Municipal Primary,5,16,2023,REP,open_seat,requested and no records on file,,,JOHN,,LENTZ,,AUDITOR RAPHO,"https://vr.co.lancaster.pa.us/ElectionReturns/May_16,_2023_-_Municipal_Primary/422.html"
JOHN M MAINA,MAGISTERIAL DISTRICT JUDGE,,02-03-03,Municipal Primary,5,16,2023,DEM,challenger,records scanned,,,JOHN,M,MAINA,,MAGISTERIAL DISTRICT JUDGE 02-3-03,"https://vr.co.lancaster.pa.us/ElectionReturns/May_16,_2023_-_Municipal_Primary/49.html"
JOHN M TAYLOR,COUNCIL,NEW HOLLAND BOROUGH,,Municipal Primary,5,16,2023,REP,open_seat,requested and no records on file,,,JOHN,M,TAYLOR,,COUNCIL NEW HOLLAND,"https://vr.co.lancaster.pa.us/ElectionReturns/May_16,_2023_-_Municipal_Primary/188.html"
JOHN RUDY,SUPERVISOR,WEST DONEGAL TOWNSHIP,,Municipal Primary,5,16,2023,REP,open_seat,requested and no records on file,,,JOHN,,RUDY,,SUPERVISOR WEST DONEGAL,"https://vr.co.lancaster.pa.us/ElectionReturns/May_16,_2023_-_Municipal_Primary/252.html"
JOSEPH B EISENHAUER,SUPERVISOR,PENN TOWNSHIP,,Municipal Primary,5,16,2023,REP,open_seat,requested and no records on file,,,JOSEPH,B,EISENHAUER,,SUPERVISOR PENN,"https://vr.co.lancaster.pa.us/ElectionReturns/May_16,_2023_-_Municipal_Primary/398.html"
JOSEPH D GOODY,SUPERVISOR,CONOY TOWNSHIP,,Municipal Primary,5,16,2023,REP,challenger,requested and no records on file,,,JOSEPH,D,GOODY,,SUPERVISOR CONOY,"https://vr.co.lancaster.pa.us/ElectionReturns/May_16,_2023_-_Municipal_Primary/240.html"
JOSEPH LANE,COUNCIL,MILLERSVILLE BOROUGH,,Municipal Primary,5,16,2023,DEM,open_seat,records scanned,,,JOSEPH,,LANE,,COUNCIL MILLERSVILLE,"https://vr.co.lancaster.pa.us/ElectionReturns/May_16,_2023_-_Municipal_Primary/171.html"
JOSEPH RZONCA,SCHOOL DIRECTOR,OCTORARA AREA SCHOOL DISTRICT,REGION 1,Municipal Primary,5,16,2023,DEM/REP,challenger,requested and no records on file,"- 5 Candidates for 3 available seats 
- 4 of the candidates cross filed, Sheena Scheffel only filed as a Republican 
- Karen A Williamson, Sheena Scheffel and Anthony Falgiatore won the Republican primary 
- Lisa Yelovich, and write-in candidates Sheena Scheffel and Brian Norris  won the Democratic primary
",,JOSEPH,,RZONCA,,SCHOOL DIRECTOR OCTORARA REGION 1,"https://vr.co.lancaster.pa.us/ElectionReturns/May_16,_2023_-_Municipal_Primary/84.html"
JOSEPH RZONCA,SCHOOL DIRECTOR,OCTORARA AREA SCHOOL DISTRICT,REGION 1,Municipal Primary,5,16,2023,DEM/REP,challenger,requested and no records on file,"- 5 Candidates for 3 available seats 
- 4 of the candidates cross filed, Sheena Scheffel only filed as a Republican 
- Karen A Williamson, Sheena Scheffel and Anthony Falgiatore won the Republican primary 
- Lisa Yelovich, and write-in candidates Sheena Scheffel and Brian Norris  won the Democratic primary
",,JOSEPH,,RZONCA,,SCHOOL DIRECTOR OCTORARA REGION 1,"https://vr.co.lancaster.pa.us/ElectionReturns/May_16,_2023_-_Municipal_Primary/83.html"
JOSH ALBERT,COUNCIL,MILLERSVILLE BOROUGH,,Municipal Primary,5,16,2023,REP,open_seat,requested and no records on file,,,JOSH,,ALBERT,,COUNCIL MILLERSVILLE,"https://vr.co.lancaster.pa.us/ElectionReturns/May_16,_2023_-_Municipal_Primary/172.html"
JOSH PRINCE,JUDGE OF THE COMMONWEALTH COURT,,,Municipal Primary,5,16,2023,REP,open_seat,requested and no records on file,used PA judicial system website & Ballotpedia.,,JOSH,,PRINCE,,JUDGE OF THE COMMONWEALTH COURT,"https://vr.co.lancaster.pa.us/ElectionReturns/May_16,_2023_-_Municipal_Primary/10.html"
JOSH STOUDT,COUNCIL,LITITZ BOROUGH,1ST WARD,Municipal Primary,5,16,2023,REP,open_seat,requested and no records on file,,,JOSH,,STOUDT,,COUNCIL LITITZ - 1ST WARD,"https://vr.co.lancaster.pa.us/ElectionReturns/May_16,_2023_-_Municipal_Primary/156.html"
JOSHUA HUNTER,SCHOOL DIRECTOR,PENN MANOR SCHOOL DISTRICT,,Municipal Primary,5,16,2023,DEM/REP,challenger,records scanned,"- Five four-year seats available 
- 9 candidates running 
- 4 cross-filed, 5 filed only as Republicans 
- Fullerton, Jackson, Lombardo and Wert are incumbents 
- Noetzel, Guy, Bacon and Hunter are endorsed by the Democratic Party 
- Fullerton, Beakes, Jackson and Lombardo are endorsed by the Republican party",,JOSHUA,,HUNTER,,SCHOOL DIRECTOR PENN MANOR,"https://vr.co.lancaster.pa.us/ElectionReturns/May_16,_2023_-_Municipal_Primary/87.html"
JOSHUA HUNTER,SCHOOL DIRECTOR,PENN MANOR SCHOOL DISTRICT,,Municipal Primary,5,16,2023,DEM/REP,challenger,records scanned,"- Five four-year seats available 
- 9 candidates running 
- 4 cross-filed, 5 filed only as Republicans 
- Fullerton, Jackson, Lombardo and Wert are incumbents 
- Noetzel, Guy, Bacon and Hunter are endorsed by the Democratic Party 
- Fullerton, Wert, Beakes, Jackson and Lombardo are endorsed by the Republican party
- Wert, Fullerton, Beakes, Jackson and Lombardo won the Republican primary
- Guy, Noetzel, Bacon and Hunter won the Democratic primary",,JOSHUA,,HUNTER,,SCHOOL DIRECTOR PENN MANOR,"https://vr.co.lancaster.pa.us/ElectionReturns/May_16,_2023_-_Municipal_Primary/88.html"
JUDITH A KENNEDY,COUNCIL,MARIETTA BOROUGH,,Municipal Primary,5,16,2023,DEM,open_seat,requested and no records on file,,,JUDITH,A,KENNEDY,,COUNCIL MARIETTA,"https://vr.co.lancaster.pa.us/ElectionReturns/May_16,_2023_-_Municipal_Primary/167.html"
JUDY L BRADY,SCHOOL DIRECTOR,HEMPFIELD SCHOOL DISTRICT,,Municipal Primary,5,16,2023,DEM/REP,challenger,requested and no records on file,"- 5 available spots per party.
- 4 incumbents, 3 cross-filed and 1 running only in the Republican primary.
- 6 newcomer candidates, 5 cross-filed and 1 running only in the Democratic primary.
- Winners of the Dem primary: Megan L. Eshleman, Judy L. Brady, Erin L. Small, Kaleb Best, and Peter G. Langseth.
- Winners of the Rep primary: Justin Wolgemuth, Grant W. Keener, Patrick Wagner, Dylan T. Bard, and Fae Skuya.
- No candidate who cross-filed won both primaries. All incumbents will proceed to the municipal election in November.
- Hempfield's 2023 school board election is one of several in the county that has heated up due to Christian and alt-right ideology trickling into local school districts from national organizations.","Candidate sponsored by MCC ""Support Hempfield Schools""",JUDY,L,BRADY,,SCHOOL DIRECTOR HEMPFIELD,"https://vr.co.lancaster.pa.us/ElectionReturns/May_16,_2023_-_Municipal_Primary/74.html"
JUDY L BRADY,SCHOOL DIRECTOR,HEMPFIELD SCHOOL DISTRICT,,Municipal Primary,5,16,2023,DEM/REP,challenger,requested and no records on file,"- 5 available spots per party.
- 4 incumbents, 3 cross-filed and 1 running only in the Republican primary.
- 6 newcomer candidates, 5 cross-filed and 1 running only in the Democratic primary.
- Winners of the Dem primary: Megan L. Eshleman, Judy L. Brady, Erin L. Small, Kaleb Best, and Peter G. Langseth.
- Winners of the Rep primary: Justin Wolgemuth, Grant W. Keener, Patrick Wagner, Dylan T. Bard, and Fae Skuya.
- No candidate who cross-filed won both primaries. All incumbents will proceed to the municipal election in November.
- Hempfield's 2023 school board election is one of several in the county that has heated up due to Christian and alt-right ideology trickling into local school districts from national organizations.","Candidate sponsored by MCC ""Support Hempfield Schools""",JUDY,L,BRADY,,SCHOOL DIRECTOR HEMPFIELD,"https://vr.co.lancaster.pa.us/ElectionReturns/May_16,_2023_-_Municipal_Primary/73.html"
JULIE FISHER,SCHOOL DIRECTOR,CONESTOGA VALLEY SCHOOL DISTRICT,,Municipal Primary,5,16,2023,REP,challenger,requested and no records on file,"- 5 available spots per party to proceed to the municipal election.
- 2 incumbents, both running in the Republican primary.
- 5 newcomer candidates, 3 running in the Republican primary and 2 running in the Democratic primary.
- All candidates will proceed to the municipal election in November.",,JULIE,,FISHER,,SCHOOL DIRECTOR CONESTOGA VALLEY,"https://vr.co.lancaster.pa.us/ElectionReturns/May_16,_2023_-_Municipal_Primary/62.html"
JUSTIN COOK,SCHOOL DIRECTOR,WARWICK SCHOOL DISTRICT,,Municipal Primary,5,16,2023,DEM/REP,challenger,records scanned,"- Five four-year seats available 
- 13 total candidates,  8 cross-filed, 5 running as Republicans 
- 2 appointed incumbents, Scott F. Landis and Daniel C. Wooley 
- Chap, Walker de Ardon, Wingenroth and McMillion were all endorsed by the Democratic Party
- Breault, Brown, Landis Weaver and Wooley were endorsed by the Republican party 
- Regennas, Chap, Walker de Ardon, McMillion, Wingenroth won  the Democratic Primary 
- Woolley, Weaver, Brown, Landis and Breault won the Republican Primary
",,JUSTIN,,COOK,,SCHOOL DIRECTOR WARWICK,"https://vr.co.lancaster.pa.us/ElectionReturns/May_16,_2023_-_Municipal_Primary/105.html"
JUSTIN COOK,SCHOOL DIRECTOR,WARWICK SCHOOL DISTRICT,,Municipal Primary,5,16,2023,DEM/REP,challenger,records scanned,"- Five four-year seats available 
- 13 total candidates,  8 cross-filed, 5 running as Republicans 
- 2 appointed incumbents, Scott F. Landis and Daniel C. Wooley 
- Chap, Walker de Ardon, Wingenroth and McMillion were all endorsed by the Democratic Party
- Breault, Brown, Landis Weaver and Wooley were endorsed by the Republican party 
- Regennas, Chap, Walker de Ardon, McMillion, Wingenroth won  the Democratic Primary 
- Woolley, Weaver, Brown, Landis and Breault won the Republican Primary
",,JUSTIN,,COOK,,SCHOOL DIRECTOR WARWICK,"https://vr.co.lancaster.pa.us/ElectionReturns/May_16,_2023_-_Municipal_Primary/106.html"
KALEB BEST,SCHOOL DIRECTOR,HEMPFIELD SCHOOL DISTRICT,,Municipal Primary,5,16,2023,DEM/REP,challenger,records scanned,"- 5 available spots per party.
- 4 incumbents, 3 cross-filed and 1 running only in the Republican primary.
- 6 newcomer candidates, 5 cross-filed and 1 running only in the Democratic primary.
- Winners of the Dem primary: Megan L. Eshleman, Judy L. Brady, Erin L. Small, Kaleb Best, and Peter G. Langseth.
- Winners of the Rep primary: Justin Wolgemuth, Grant W. Keener, Patrick Wagner, Dylan T. Bard, and Fae Skuya.
- No candidate who cross-filed won both primaries. All incumbents will proceed to the municipal election in November.
- Hempfield's 2023 school board election is one of several in the county that has heated up due to Christian and alt-right ideology trickling into local school districts from national organizations.","Candidate sponsored by MCC ""Support Hempfield Schools""",KALEB,,BEST,,SCHOOL DIRECTOR HEMPFIELD,"https://vr.co.lancaster.pa.us/ElectionReturns/May_16,_2023_-_Municipal_Primary/74.html"
KALEB BEST,SCHOOL DIRECTOR,HEMPFIELD SCHOOL DISTRICT,,Municipal Primary,5,16,2023,DEM/REP,challenger,records scanned,"- 5 available spots per party.
- 4 incumbents, 3 cross-filed and 1 running only in the Republican primary.
- 6 newcomer candidates, 5 cross-filed and 1 running only in the Democratic primary.
- Winners of the Dem primary: Megan L. Eshleman, Judy L. Brady, Erin L. Small, Kaleb Best, and Peter G. Langseth.
- Winners of the Rep primary: Justin Wolgemuth, Grant W. Keener, Patrick Wagner, Dylan T. Bard, and Fae Skuya.
- No candidate who cross-filed won both primaries. All incumbents will proceed to the municipal election in November.
- Hempfield's 2023 school board election is one of several in the county that has heated up due to Christian and alt-right ideology trickling into local school districts from national organizations.","Candidate sponsored by MCC ""Support Hempfield Schools""",KALEB,,BEST,,SCHOOL DIRECTOR HEMPFIELD,"https://vr.co.lancaster.pa.us/ElectionReturns/May_16,_2023_-_Municipal_Primary/73.html"
KAREN A WILLIAMSON,SCHOOL DIRECTOR,OCTORARA AREA SCHOOL DISTRICT,REGION 1,Municipal Primary,5,16,2023,DEM/REP,challenger,requested and no records on file,"- 5 Candidates for 3 available seats
- 4 of the candidates cross filed, Sheena Scheffel only filed as a Republican
- Karen A Williamson, Sheena Scheffel and Anthony Falgiatore won the Republican primary
- Lisa Yelovich, and write-in candidates Sheena Scheffel and Brian Norris won the Democratic primary
",,KAREN,A,WILLIAMSON,,SCHOOL DIRECTOR OCTORARA REGION 1,"https://vr.co.lancaster.pa.us/ElectionReturns/May_16,_2023_-_Municipal_Primary/84.html"
KAREN A WILLIAMSON,SCHOOL DIRECTOR,OCTORARA AREA SCHOOL DISTRICT,REGION 1,Municipal Primary,5,16,2023,DEM/REP,challenger,requested and no records on file,"- 5 Candidates for 3 available seats
- 4 of the candidates cross filed, Sheena Scheffel only filed as a Republican
- Karen A Williamson, Sheena Scheffel and Anthony Falgiatore won the Republican primary
- Lisa Yelovich, and write-in candidates Sheena Scheffel and Brian Norris won the Democratic primary
",,KAREN,A,WILLIAMSON,,SCHOOL DIRECTOR OCTORARA REGION 1,"https://vr.co.lancaster.pa.us/ElectionReturns/May_16,_2023_-_Municipal_Primary/83.html"
KARIN LASZAKOVITS,SCHOOL DIRECTOR,ELIZABETHTOWN AREA SCHOOL DISTRICT,,Municipal Primary,5,16,2023,DEM,challenger,records scanned,"'- 5 available spots per party to proceed to the municipal election in November.
- 1 incumbent, Karen Sweigart, cross-filed.
- 14 newcomer candidates, 4 running only in the Democratic primary, 2 running only in the Republican primary, and 8 cross-filed.
- Moore, Zhan, Fuddy, Laszakovitz, and Eichelberger won the Republican primary (in that order).
- Gilles, Carter, Riggelman, Shrum, and Wilson won the Democratic primary (in that order).
- No candidates won both party primaries, and incumbent Karen Sweigert was knocked from her seat.
- The Elizabethtown school board is one of many dealing with contentious alt-right ideology.","Candidate sponsored by MCC ""Support Etown Schools",KARIN,,LASZAKOVITS,,SCHOOL DIRECTOR ELIZABETHTOWN,"https://vr.co.lancaster.pa.us/ElectionReturns/May_16,_2023_-_Municipal_Primary/67.html"
KARL SALISBURY,MAGISTERIAL DISTRICT JUDGE,,02-02-02,Municipal Primary,5,16,2023,DEM/REP,open_seat,records scanned,,,KARL,,SALISBURY,,MAGISTERIAL DISTRICT JUDGE 02-2-02,"https://vr.co.lancaster.pa.us/ElectionReturns/May_16,_2023_-_Municipal_Primary/34.html"
KARL SALISBURY,MAGISTERIAL DISTRICT JUDGE,,02-02-02,Municipal Primary,5,16,2023,DEM/REP,open_seat,records scanned,,,KARL,,SALISBURY,,MAGISTERIAL DISTRICT JUDGE 02-2-02,"https://vr.co.lancaster.pa.us/ElectionReturns/May_16,_2023_-_Municipal_Primary/33.html"
KATRINA TIMBERLAKE HOLMES,SCHOOL DIRECTOR,SCHOOL DISTRICT OF LANCASTER,,Municipal Primary,5,16,2023,DEM,challenger,records scanned,"- Five four-year seats are available 
- Five spots for each party 
- Robin Goodson, Kareena Rios and Molly Henderson are incumbents
- Goodson, Rios, Henderson, Holmes and Desmond are endorsed by the Democratic Party 
- Molly Henderson cross-filed 
- Arthur Mann Sr ran as the sole Republican 
- Rios, Holmes, Henderson, Goodson and Desmond won the Democratic nominations 
- Henderson and Arthur Mann Sr won the Republican nomination
","Candidate sponsored by MCC ""Dems for School Director of Lancaster""",KATRINA,TIMBERLAKE,HOLMES,,SCHOOL DIRECTOR SCHOOL DISTRICT of LANCASTER,"https://vr.co.lancaster.pa.us/ElectionReturns/May_16,_2023_-_Municipal_Primary/97.html"
KEITH HATFIELD,COUNCIL,MANHEIM BOROUGH,2ND WARD,Municipal Primary,5,16,2023,REP,challenger,requested and no records on file,,,KEITH,,HATFIELD,,COUNCIL MANHEIM - 2ND WARD,"https://vr.co.lancaster.pa.us/ElectionReturns/May_16,_2023_-_Municipal_Primary/166.html"
KEITH R LANDIS,SUPERVISOR,PARADISE TOWNSHIP,2-YR,Municipal Primary,5,16,2023,REP,challenger,records scanned,,,KEITH,R,LANDIS,,SUPERVISOR PARADISE - 2 YR,"https://vr.co.lancaster.pa.us/ElectionReturns/May_16,_2023_-_Municipal_Primary/390.html"
KELLIE MCADAMS,COUNCIL,MANHEIM BOROUGH,2ND WARD,Municipal Primary,5,16,2023,REP,challenger,requested and no records on file,,,KELLIE,,MCADAMS,,COUNCIL MANHEIM - 2ND WARD,"https://vr.co.lancaster.pa.us/ElectionReturns/May_16,_2023_-_Municipal_Primary/166.html"
KELLY A GUTSHALL,SUPERVISOR,WARWICK TOWNSHIP,,Municipal Primary,5,16,2023,REP,open_seat,requested and no records on file,,,KELLY,A,GUTSHALL,,SUPERVISOR WARWICK,"https://vr.co.lancaster.pa.us/ElectionReturns/May_16,_2023_-_Municipal_Primary/444.html"
KELLY CARTER,SCHOOL DIRECTOR,ELIZABETHTOWN AREA SCHOOL DISTRICT,,Municipal Primary,5,16,2023,DEM/REP,challenger,records scanned,"'- 5 available spots per party to proceed to the municipal election in November.
- 1 incumbent, Karen Sweigart, cross-filed.
- 14 newcomer candidates, 4 running only in the Democratic primary, 2 running only in the Republican primary, and 8 cross-filed.
- Moore, Zhan, Fuddy, Laszakovitz, and Eichelberger won the Republican primary (in that order).
- Gilles, Carter, Riggelman, Shrum, and Wilson won the Democratic primary (in that order).
- No candidates won both party primaries, and incumbent Karen Sweigert was knocked from her seat.
- The Elizabethtown school board is one of many dealing with contentious alt-right ideology.",,KELLY,,CARTER,,SCHOOL DIRECTOR ELIZABETHTOWN,"https://vr.co.lancaster.pa.us/ElectionReturns/May_16,_2023_-_Municipal_Primary/68.html"
KELLY CARTER,SCHOOL DIRECTOR,ELIZABETHTOWN AREA SCHOOL DISTRICT,,Municipal Primary,5,16,2023,DEM/REP,challenger,records scanned,"'- 5 available spots per party to proceed to the municipal election in November.
- 1 incumbent, Karen Sweigart, cross-filed.
- 14 newcomer candidates, 4 running only in the Democratic primary, 2 running only in the Republican primary, and 8 cross-filed.
- Moore, Zhan, Fuddy, Laszakovitz, and Eichelberger won the Republican primary (in that order).
- Gilles, Carter, Riggelman, Shrum, and Wilson won the Democratic primary (in that order).
- No candidates won both party primaries, and incumbent Karen Sweigert was knocked from her seat.
- The Elizabethtown school board is one of many dealing with contentious alt-right ideology.",,KELLY,,CARTER,,SCHOOL DIRECTOR ELIZABETHTOWN,"https://vr.co.lancaster.pa.us/ElectionReturns/May_16,_2023_-_Municipal_Primary/67.html"
KELLY FUDDY,SCHOOL DIRECTOR,ELIZABETHTOWN AREA SCHOOL DISTRICT,,Municipal Primary,5,16,2023,DEM,challenger,records scanned,"'- 5 available spots per party to proceed to the municipal election in November.
- 1 incumbent, Karen Sweigart, cross-filed.
- 14 newcomer candidates, 4 running only in the Democratic primary, 2 running only in the Republican primary, and 8 cross-filed.
- Moore, Zhan, Fuddy, Laszakovitz, and Eichelberger won the Republican primary (in that order).
- Gilles, Carter, Riggelman, Shrum, and Wilson won the Democratic primary (in that order).
- No candidates won both party primaries, and incumbent Karen Sweigert was knocked from her seat.
- The Elizabethtown school board is one of many dealing with contentious alt-right ideology.","lost in 2017. Candidate sponsored by MCC ""Support Etown Schools""",KELLY,,FUDDY,,SCHOOL DIRECTOR ELIZABETHTOWN,"https://vr.co.lancaster.pa.us/ElectionReturns/May_16,_2023_-_Municipal_Primary/67.html"
KELLYE MCMILLION,SCHOOL DIRECTOR,WARWICK SCHOOL DISTRICT,,Municipal Primary,5,16,2023,DEM/REP,challenger,records scanned,"- Five four-year seats available 
- 13 candidates, 4 Republicans and 9 cross-filers 
- Kimberly Regennas, Amanda Chap, Lydia de Ardon, Kelleye McMillion and Cynthia Wingenroth win the Democratic primary
- 
","Candidate sponsored by MCC ""Support Warwick Schools""",KELLYE,,MCMILLION,,SCHOOL DIRECTOR WARWICK,"https://vr.co.lancaster.pa.us/ElectionReturns/May_16,_2023_-_Municipal_Primary/105.html"
KELLYE MCMILLION,SCHOOL DIRECTOR,WARWICK SCHOOL DISTRICT,,Municipal Primary,5,16,2023,DEM/REP,challenger,records scanned,"- Five four-year seats available 
- 13 candidates, 4 Republicans and 9 cross-filers 
- Kimberly Regennas, Amanda Chap, Lydia de Ardon, Kelleye McMillion and Cynthia Wingenroth win the Democratic primary
- 
","Candidate sponsored by MCC ""Support Warwick Schools""",KELLYE,,MCMILLION,,SCHOOL DIRECTOR WARWICK,"https://vr.co.lancaster.pa.us/ElectionReturns/May_16,_2023_-_Municipal_Primary/106.html"
KERRY GABLE,SCHOOL DIRECTOR,COCALICO SCHOOL DISTRICT,,Municipal Primary,5,16,2023,DEM/REP,challenger,requested and no records on file,"- ""Of the six candidates running for five four-year school board seats on the Republican ballot in Cocalico School District, Pamela L.K. Blickle, Kevin Eshleman, Juanita Fox, Gary Hambright and Desiree Wagner claimed spots in the general election. Kerry Gable, a cross-filed Democrat, did not earn a Republican nomination but will appear on the November ballot as a Democrat."" LNP, May 2023
- 5 seats, 4 incumbents, 2 newcomers. All candidates will proceed to municipal elections due to Gable's crossfiling.",,KERRY,,GABLE,,SCHOOL DIRECTOR COCALICO,"https://vr.co.lancaster.pa.us/ElectionReturns/May_16,_2023_-_Municipal_Primary/55.html"
KERRY GABLE,SCHOOL DIRECTOR,COCALICO SCHOOL DISTRICT,,Municipal Primary,5,16,2023,DEM/REP,challenger,requested and no records on file,"- ""Of the six candidates running for five four-year school board seats on the Republican ballot in Cocalico School District, Pamela L.K. Blickle, Kevin Eshleman, Juanita Fox, Gary Hambright and Desiree Wagner claimed spots in the general election. Kerry Gable, a cross-filed Democrat, did not earn a Republican nomination but will appear on the November ballot as a Democrat."" LNP, May 2023
- 5 seats, 4 incumbents, 2 newcomers. All candidates will proceed to municipal elections due to Gable's crossfiling.",,KERRY,,GABLE,,SCHOOL DIRECTOR COCALICO,"https://vr.co.lancaster.pa.us/ElectionReturns/May_16,_2023_-_Municipal_Primary/56.html"
KEVIN BOYER,SUPERVISOR,MARTIC TOWNSHIP,,Municipal Primary,5,16,2023,REP,open_seat,requested and no records on file,,,KEVIN,,BOYER,,SUPERVISOR MARTIC,"https://vr.co.lancaster.pa.us/ElectionReturns/May_16,_2023_-_Municipal_Primary/372.html"
KIMBERLY REGENNAS,SCHOOL DIRECTOR,WARWICK SCHOOL DISTRICT,,Municipal Primary,5,16,2023,DEM/REP,challenger,records scanned,"- 13 candidates, 4 Republicans and 9 cross-filers 
- Kimberly Regennas, Scott Landis, and Bill Brault were all considered to replace Millard Eppig Jr after his resignation in 2022
- Landis was eventually appointed in 2022","Candidate sponsored by MCC ""Support Warwick Schools""",KIMBERLY,,REGENNAS,,SCHOOL DIRECTOR WARWICK,"https://vr.co.lancaster.pa.us/ElectionReturns/May_16,_2023_-_Municipal_Primary/106.html"
KIMBERLY REGENNAS,SCHOOL DIRECTOR,WARWICK SCHOOL DISTRICT,,Municipal Primary,5,16,2023,DEM/REP,challenger,records scanned,"- 13 candidates, 5 Republicans and 8 cross-filers 
- Kimberly Regennas, Scott Landis, and Bill Brault were all considered to replace Millard Eppig Jr after his resignation in 2022
- Landis was eventually appointed in 2022","Candidate sponsored by MCC ""Support Warwick Schools""",KIMBERLY,,REGENNAS,,SCHOOL DIRECTOR WARWICK,"https://vr.co.lancaster.pa.us/ElectionReturns/May_16,_2023_-_Municipal_Primary/105.html"
KIMBERLY RIGHTNOUR,SCHOOL DIRECTOR,COLUMBIA BOROUGH SCHOOL DISTRICT,,Municipal Primary,5,16,2023,DEM/REP,challenger,requested and no records on file,"- 5 available spots for each party to proceed to the general election.
- 4 incumbents: all cross-filed.
- 6 newcomer candidates: 4 cross-filed, 1 republican, 1 democrat.
- Of 10 candidates, only 1 was knocked in primaries: Brittany Knighton, newcomer and democrat. All incumbents and others will proceed to the municipal election in November.
- Lauren VonStetten, Sandra Duncan, Sonya Duncan, Kathleen Hohenadel, Charles Leader, and Chris Misciagna are candidates of the MCC PAC ""Forward Tide United.""",,KIMBERLY,,RIGHTNOUR,,SCHOOL DIRECTOR COLUMBIA,"https://vr.co.lancaster.pa.us/ElectionReturns/May_16,_2023_-_Municipal_Primary/58.html"
KIMBERLY RIGHTNOUR,SCHOOL DIRECTOR,COLUMBIA BOROUGH SCHOOL DISTRICT,,Municipal Primary,5,16,2023,DEM/REP,challenger,requested and no records on file,"- 5 available spots for each party to proceed to the general election.
- 4 incumbents: all cross-filed.
- 6 newcomer candidates: 4 cross-filed, 1 republican, 1 democrat.
- Of 10 candidates, only 1 was knocked in primaries: Brittany Knighton, newcomer and democrat. All incumbents and others will proceed to the municipal election in November.
- Lauren VonStetten, Sandra Duncan, Sonya Duncan, Kathleen Hohenadel, Charles Leader, and Chris Misciagna are candidates of the MCC PAC ""Forward Tide United.""",,KIMBERLY,,RIGHTNOUR,,SCHOOL DIRECTOR COLUMBIA,"https://vr.co.lancaster.pa.us/ElectionReturns/May_16,_2023_-_Municipal_Primary/57.html"
KRISTIN STALEY,SCHOOL DIRECTOR,LAMPETER-STRASBURG SCHOOL DISTRICT,,Municipal Primary,5,16,2023,REP,open_seat,requested and no records on file,"- 5 available seats.
- 3 incumbents, all running in the Republican primary.
- 2 newcomer candidates vying for 2 open seats, all running in the Republican primary.
- All candidates will proceed to the municipal election in November.
- Kari Steinacher filled a vacancy in Oct. 2022 when Scott Arnst resigned.",,KRISTIN,,STALEY,,SCHOOL DIRECTOR LAMPETER-STRASBURG,"https://vr.co.lancaster.pa.us/ElectionReturns/May_16,_2023_-_Municipal_Primary/76.html"
KRISTY MOORE,SCHOOL DIRECTOR,ELIZABETHTOWN AREA SCHOOL DISTRICT,,Municipal Primary,5,16,2023,DEM/REP,challenger,records scanned,"'- 5 available spots per party to proceed to the municipal election in November.
- 1 incumbent, Karen Sweigart, cross-filed.
- 14 newcomer candidates, 4 running only in the Democratic primary, 2 running only in the Republican primary, and 8 cross-filed.
- Moore, Zhan, Fuddy, Laszakovitz, and Eichelberger won the Republican primary (in that order).
- Gilles, Carter, Riggelman, Shrum, and Wilson won the Democratic primary (in that order).
- No candidates won both party primaries, and incumbent Karen Sweigert was knocked from her seat.
- The Elizabethtown school board is one of many dealing with contentious alt-right ideology.","lost race in 2019. scanned 2019, 2021, 2023 records. Candidate sponsored by MCC ""Support Etown Schools",KRISTY,,MOORE,,SCHOOL DIRECTOR ELIZABETHTOWN,"https://vr.co.lancaster.pa.us/ElectionReturns/May_16,_2023_-_Municipal_Primary/68.html"
KRISTY MOORE,SCHOOL DIRECTOR,ELIZABETHTOWN AREA SCHOOL DISTRICT,,Municipal Primary,5,16,2023,DEM/REP,challenger,records scanned,"'- 5 available spots per party to proceed to the municipal election in November.
- 1 incumbent, Karen Sweigart, cross-filed.
- 14 newcomer candidates, 4 running only in the Democratic primary, 2 running only in the Republican primary, and 8 cross-filed.
- Moore, Zhan, Fuddy, Laszakovitz, and Eichelberger won the Republican primary (in that order).
- Gilles, Carter, Riggelman, Shrum, and Wilson won the Democratic primary (in that order).
- No candidates won both party primaries, and incumbent Karen Sweigert was knocked from her seat.
- The Elizabethtown school board is one of many dealing with contentious alt-right ideology.","lost race in 2019. scanned 2019, 2021, 2023 records. Candidate sponsored by MCC ""Support Etown Schools",KRISTY,,MOORE,,SCHOOL DIRECTOR ELIZABETHTOWN,"https://vr.co.lancaster.pa.us/ElectionReturns/May_16,_2023_-_Municipal_Primary/67.html"
LANCE K WAGNER,MAGISTERIAL DISTRICT JUDGE,,02-01-02,Municipal Primary,5,16,2023,DEM/REP,open_seat,records scanned,,,LANCE,K,WAGNER,,MAGISTERIAL DISTRICT JUDGE 02-1-02,"https://vr.co.lancaster.pa.us/ElectionReturns/May_16,_2023_-_Municipal_Primary/30.html"
LANCE K WAGNER,MAGISTERIAL DISTRICT JUDGE,,02-01-02,Municipal Primary,5,16,2023,DEM/REP,open_seat,records scanned,,,LANCE,K,WAGNER,,MAGISTERIAL DISTRICT JUDGE 02-1-02,"https://vr.co.lancaster.pa.us/ElectionReturns/May_16,_2023_-_Municipal_Primary/29.html"
LARA PAPARO,SCHOOL DIRECTOR,EPHRATA AREA SCHOOL DISTRICT,2-YR,Municipal Primary,5,16,2023,REP,open_seat,requested and no records on file,"- This vacancy is a result of David Wissler's resignation in Aug. 2022, filled by Josh Sainsbury 9/26/22. His term expires 12/31/2023.
- Republican newcomer Lara Paparo ran unopposed and won the primary.",,LARA,,PAPARO,,SCHOOL DIRECTOR EPHRATA - 2 YR,"https://vr.co.lancaster.pa.us/ElectionReturns/May_16,_2023_-_Municipal_Primary/72.html"
LAUREN KUNTZ,SCHOOL DIRECTOR,LAMPETER-STRASBURG SCHOOL DISTRICT,2-YR,Municipal Primary,5,16,2023,DEM,open_seat,requested and no records on file,"- 1 available spot per party
- Two candidates, incumbent Osborne running as a Republican and newcomer Kuntz running as a Democrat.
- Both candidates will proceed to the municipal election in November.
- Kelly Osborne was appointed to fill a vacancy in Oct. 2022.",,LAUREN,,KUNTZ,,SCHOOL DIRECTOR LAMPETER-STRASBURG - 2 YR,"https://vr.co.lancaster.pa.us/ElectionReturns/May_16,_2023_-_Municipal_Primary/77.html"
LEAH BACON,SCHOOL DIRECTOR,PENN MANOR SCHOOL DISTRICT,,Municipal Primary,5,16,2023,DEM/REP,challenger,records scanned,"- Five four-year seats available 
- 9 candidates running 
- 4 cross-filed, 5 filed only as Republicans 
- Fullerton, Jackson, Lombardo and Wert are incumbents 
- Noetzel, Guy, Bacon and Hunter are endorsed by the Democratic Party 
- Fullerton, Wert, Beakes, Jackson and Lombardo are endorsed by the Republican party
- Wert, Fullerton, Beakes, Jackson and Lombardo won the Republican primary
- Guy, Noetzel, Bacon and Hunter won the Democratic primary
",,LEAH,,BACON,,SCHOOL DIRECTOR PENN MANOR,"https://vr.co.lancaster.pa.us/ElectionReturns/May_16,_2023_-_Municipal_Primary/87.html"
LEAH BACON,SCHOOL DIRECTOR,PENN MANOR SCHOOL DISTRICT,,Municipal Primary,5,16,2023,DEM/REP,challenger,records scanned,"- Five four-year seats available 
- 9 candidates running 
- 4 cross-filed, 5 filed only as Republicans 
- Fullerton, Jackson, Lombardo and Wert are incumbents 
- Noetzel, Guy, Bacon and Hunter are endorsed by the Democratic Party 
- Fullerton, Wert, Beakes, Jackson and Lombardo are endorsed by the Republican party
- Wert, Fullerton, Beakes, Jackson and Lombardo won the Republican primary
- Guy, Noetzel, Bacon and Hunter won the Democratic primary
",,LEAH,,BACON,,SCHOOL DIRECTOR PENN MANOR,"https://vr.co.lancaster.pa.us/ElectionReturns/May_16,_2023_-_Municipal_Primary/88.html"
LILLIAN A HILL,COUNCIL,MARIETTA BOROUGH,,Municipal Primary,5,16,2023,DEM,open_seat,requested and no records on file,,,LILLIAN,A,HILL,,COUNCIL MARIETTA,"https://vr.co.lancaster.pa.us/ElectionReturns/May_16,_2023_-_Municipal_Primary/167.html"
LINDSAY NORRIS,SUPERVISOR,WEST DONEGAL TOWNSHIP,,Municipal Primary,5,16,2023,REP,open_seat,requested and no records on file,,,LINDSAY,,NORRIS,,SUPERVISOR WEST DONEGAL,"https://vr.co.lancaster.pa.us/ElectionReturns/May_16,_2023_-_Municipal_Primary/252.html"
LISA ALBERT,SCHOOL DIRECTOR,DONEGAL SCHOOL DISTRICT,,Municipal Primary,5,16,2023,REP,open_seat,requested and no records on file,"- 5 available spots per party to proceed to municipal elections.
- 4 incumbents, 1 newcomer candidate. All candidates will proceed to the municipal election.",,LISA,,ALBERT,,SCHOOL DIRECTOR DONEGAL,"https://vr.co.lancaster.pa.us/ElectionReturns/May_16,_2023_-_Municipal_Primary/64.html"
LISA YELOVICH,SCHOOL DIRECTOR,OCTORARA AREA SCHOOL DISTRICT,REGION 1,Municipal Primary,5,16,2023,DEM/REP,challenger,requested and no records on file,"- Five seats available 
- Five Candidates, one Republican and four cross-filer
- Brian Norris and Scheena Scheffel win the Democratic primary through write-in votes. 
- ",,LISA,,YELOVICH,,SCHOOL DIRECTOR OCTORARA REGION 1,"https://vr.co.lancaster.pa.us/ElectionReturns/May_16,_2023_-_Municipal_Primary/84.html"
LISA YELOVICH,SCHOOL DIRECTOR,OCTORARA AREA SCHOOL DISTRICT,REGION 1,Municipal Primary,5,16,2023,DEM/REP,challenger,requested and no records on file,"- Five seats available 
- Five Candidates, one Republican and four cross-filer
- Brian Norris and Scheena Scheffel win the Democratic primary through write-in votes. 
",,LISA,,YELOVICH,,SCHOOL DIRECTOR OCTORARA REGION 1,"https://vr.co.lancaster.pa.us/ElectionReturns/May_16,_2023_-_Municipal_Primary/83.html"
LYDIA WALKER DE ARDON,SCHOOL DIRECTOR,WARWICK SCHOOL DISTRICT,,Municipal Primary,5,16,2023,DEM/REP,challenger,records scanned,"- Five four-year seats available 
- 13 total candidates,  8 cross-filed, 5 running as Republicans 
- 2 appointed incumbents, Scott F. Landis and Daniel C. Wooley 
- Chap, Walker de Ardon, Wingenroth and McMillion were all endorsed by the Democratic Party
- Breault, Brown, Landis Weaver and Wooley were endorsed by the Republican party 
- Regennas, Chap, Walker de Ardon, McMillion, Wingenroth won  the Democratic Primary 
- Woolley, Weaver, Brown, Landis and Breault won the Republican Primary
","Candidate sponsored by MCC ""Support Warwick Schools""",LYDIA,Walker,DE ARDON ,,SCHOOL DIRECTOR WARWICK,"https://vr.co.lancaster.pa.us/ElectionReturns/May_16,_2023_-_Municipal_Primary/105.html"
LYDIA WALKER DE ARDON,SCHOOL DIRECTOR,WARWICK SCHOOL DISTRICT,,Municipal Primary,5,16,2023,DEM/REP,challenger,records scanned,"- Five four-year seats available 
- 13 total candidates,  8 cross-filed, 5 running as Republicans 
- 2 appointed incumbents, Scott F. Landis and Daniel C. Wooley 
- Chap, Walker de Ardon, Wingenroth and McMillion were all endorsed by the Democratic Party
- Breault, Brown, Landis Weaver and Wooley were endorsed by the Republican party 
- Regennas, Chap, Walker de Ardon, McMillion, Wingenroth won  the Democratic Primary 
- Woolley, Weaver, Brown, Landis and Breault won the Republican Primary
","Candidate sponsored by MCC ""Support Warwick Schools""",LYDIA,WALKER,DE ARDON,,SCHOOL DIRECTOR WARWICK,"https://vr.co.lancaster.pa.us/ElectionReturns/May_16,_2023_-_Municipal_Primary/106.html"
LYNDA SHRUM,SCHOOL DIRECTOR,ELIZABETHTOWN AREA SCHOOL DISTRICT,,Municipal Primary,5,16,2023,DEM/REP,challenger,records scanned,"'- 5 available spots per party to proceed to the municipal election in November.
- 1 incumbent, Karen Sweigart, cross-filed.
- 14 newcomer candidates, 4 running only in the Democratic primary, 2 running only in the Republican primary, and 8 cross-filed.
- Moore, Zhan, Fuddy, Laszakovitz, and Eichelberger won the Republican primary (in that order).
- Gilles, Carter, Riggelman, Shrum, and Wilson won the Democratic primary (in that order).
- No candidates won both party primaries, and incumbent Karen Sweigert was knocked from her seat.
- The Elizabethtown school board is one of many dealing with contentious alt-right ideology.",,LYNDA,,SHRUM,,SCHOOL DIRECTOR ELIZABETHTOWN,"https://vr.co.lancaster.pa.us/ElectionReturns/May_16,_2023_-_Municipal_Primary/68.html"
LYNDA SHRUM,SCHOOL DIRECTOR,ELIZABETHTOWN AREA SCHOOL DISTRICT,,Municipal Primary,5,16,2023,DEM/REP,challenger,records scanned,"'- 5 available spots per party to proceed to the municipal election in November.
- 1 incumbent, Karen Sweigart, cross-filed.
- 14 newcomer candidates, 4 running only in the Democratic primary, 2 running only in the Republican primary, and 8 cross-filed.
- Moore, Zhan, Fuddy, Laszakovitz, and Eichelberger won the Republican primary (in that order).
- Gilles, Carter, Riggelman, Shrum, and Wilson won the Democratic primary (in that order).
- No candidates won both party primaries, and incumbent Karen Sweigert was knocked from her seat.
- The Elizabethtown school board is one of many dealing with contentious alt-right ideology.",,LYNDA,,SHRUM,,SCHOOL DIRECTOR ELIZABETHTOWN,"https://vr.co.lancaster.pa.us/ElectionReturns/May_16,_2023_-_Municipal_Primary/67.html"
MARGO KORBEL,AUDITOR,CAERNARVON TOWNSHIP,,Municipal Primary,5,16,2023,REP,open_seat,requested and no records on file,,,MARGO,,KORBEL,,AUDITOR CAERNARVON,"https://vr.co.lancaster.pa.us/ElectionReturns/May_16,_2023_-_Municipal_Primary/214.html"
MARIA BATTISTA,JUDGE OF THE SUPERIOR COURT,,,Municipal Primary,5,16,2023,REP,open_seat,requested and no records on file,,,MARIA,,BATTISTA,,JUDGE OF THE SUPERIOR COURT,"https://vr.co.lancaster.pa.us/ElectionReturns/May_16,_2023_-_Municipal_Primary/8.html"
MARIANNE S KERLAVAGE,COUNCIL,MILLERSVILLE BOROUGH,,Municipal Primary,5,16,2023,DEM,open_seat,records scanned,,,MARIANNE,S,KERLAVAGE,,COUNCIL MILLERSVILLE,"https://vr.co.lancaster.pa.us/ElectionReturns/May_16,_2023_-_Municipal_Primary/171.html"
MARK BOLDIZAR,SCHOOL DIRECTOR,MANHEIM TOWNSHIP SCHOOL DISTRICT,,Municipal Primary,5,16,2023,DEM/REP,challenger,records scanned,"- Five four-year seats available
- 11 candidates, 6 cross filed, 5 filed only as Republicans 
- 2 Incumbents: Hentz and Krueger
- Boldizer, Grenter, Henderson, Woodbury and Hentz were all endorsed by the Democratic party 
- Wallace, Adcock, Zimmerman, Burnett, and Krueger were all endorsed by the Republican party
- Vo Wallace, Adcock, Zimmerman, Krueger and Burnett won the Republican primary 
- Woodbury, Hentz, Boldizar, Henderson and Grenter won the Democratic Primary
","Candidate sponsored by MCC ""Support MT Schools 2023""",MARK,,BOLDIZAR,,SCHOOL DIRECTOR MANHEIM TOWNSHIP,"https://vr.co.lancaster.pa.us/ElectionReturns/May_16,_2023_-_Municipal_Primary/82.html"
MARK BOLDIZAR,SCHOOL DIRECTOR,MANHEIM TOWNSHIP SCHOOL DISTRICT,,Municipal Primary,5,16,2023,DEM/REP,challenger,records scanned,"- Five four-year seats available
- 11 candidates, 6 cross filed, 5 filed only as Republicans 
- 2 Incumbents: Hentz and Krueger
- Boldizer, Grenter, Henderson, Woodbury and Hentz were all endorsed by the Democratic party 
- Wallace, Adcock, Zimmerman, Burnett, and Krueger were all endorsed by the Republican party
- Vo Wallace, Adcock, Zimmerman, Krueger and Burnett won the Republican primary 
- Woodbury, Hentz, Boldizar, Henderson and Grenter won the Democratic Primary
","Candidate sponsored by MCC ""Support MT Schools 2023""",MARK,,BOLDIZAR,,SCHOOL DIRECTOR MANHEIM TOWNSHIP,"https://vr.co.lancaster.pa.us/ElectionReturns/May_16,_2023_-_Municipal_Primary/81.html"
MARK GENSEL,SCHOOL DIRECTOR,CONESTOGA VALLEY SCHOOL DISTRICT,,Municipal Primary,5,16,2023,REP,challenger,requested and no records on file,"- 5 available spots per party to proceed to the municipal election.
- 2 incumbents, both running in the Republican primary.
- 5 newcomer candidates, 3 running in the Republican primary and 2 running in the Democratic primary.
- All candidates will proceed to the municipal election in November.",,MARK,,GENSEL,,SCHOOL DIRECTOR CONESTOGA VALLEY,"https://vr.co.lancaster.pa.us/ElectionReturns/May_16,_2023_-_Municipal_Primary/62.html"
MARY GATTIS,COUNCIL,LITITZ BOROUGH,1ST WARD,Municipal Primary,5,16,2023,DEM,open_seat,records scanned,,,MARY,,GATTIS,,COUNCIL LITITZ - 1ST WARD,"https://vr.co.lancaster.pa.us/ElectionReturns/May_16,_2023_-_Municipal_Primary/155.html"
MATT WOLF,JUDGE OF THE COMMONWEALTH COURT,,,Municipal Primary,5,16,2023,DEM,open_seat,requested and no records on file,used PA judicial system website & Ballotpedia.,,MATT,,WOLF,,JUDGE OF THE COMMONWEALTH COURT,"https://vr.co.lancaster.pa.us/ElectionReturns/May_16,_2023_-_Municipal_Primary/9.html"
MATTHEW BEAKES,SCHOOL DIRECTOR,PENN MANOR SCHOOL DISTRICT,,Municipal Primary,5,16,2023,REP,challenger,requested and no records on file,"- Five four-year seats available 
- 9 candidates running 
- 4 cross-filed, 5 filed only as Republicans 
- Fullerton, Jackson, Lombardo and Wert are incumbents 
- Noetzel, Guy, Bacon and Hunter are endorsed by the Democratic Party 
- Fullerton, Wert, Beakes, Jackson and Lombardo are endorsed by the Republican party
- Wert, Fullerton, Beakes, Jackson and Lombardo won the Republican primary
- Guy, Noetzel, Bacon and Hunter won the Democratic primary
",,MATTHEW,,BEAKES,,SCHOOL DIRECTOR PENN MANOR,"https://vr.co.lancaster.pa.us/ElectionReturns/May_16,_2023_-_Municipal_Primary/88.html"
MATTHEW CONNELLY,SUPERVISOR,CONESTOGA TOWNSHIP,4-YR,Municipal Primary,5,16,2023,REP,open_seat,requested and no records on file,,,MATTHEW,,CONNELLY,,SUPERVISOR CONESTOGA - 4 YR,"https://vr.co.lancaster.pa.us/ElectionReturns/May_16,_2023_-_Municipal_Primary/236.html"
MEGAN L ESHLEMAN,SCHOOL DIRECTOR,HEMPFIELD SCHOOL DISTRICT,,Municipal Primary,5,16,2023,DEM/REP,challenger,records scanned,"- 5 available spots per party.
- 4 incumbents, 3 cross-filed and 1 running only in the Republican primary.
- 6 newcomer candidates, 5 cross-filed and 1 running only in the Democratic primary.
- Winners of the Dem primary: Megan L. Eshleman, Judy L. Brady, Erin L. Small, Kaleb Best, and Peter G. Langseth.
- Winners of the Rep primary: Justin Wolgemuth, Grant W. Keener, Patrick Wagner, Dylan T. Bard, and Fae Skuya.
- No candidate who cross-filed won both primaries. All incumbents will proceed to the municipal election in November.
- Hempfield's 2023 school board election is one of several in the county that has heated up due to Christian and alt-right ideology trickling into local school districts from national organizations.","Candidate sponsored by MCC ""Support Hempfield Schools""",MEGAN,L,ESHLEMAN,,SCHOOL DIRECTOR HEMPFIELD,"https://vr.co.lancaster.pa.us/ElectionReturns/May_16,_2023_-_Municipal_Primary/74.html"
MEGAN L ESHLEMAN,SCHOOL DIRECTOR,HEMPFIELD SCHOOL DISTRICT,,Municipal Primary,5,16,2023,DEM/REP,challenger,records scanned,"- 5 available spots per party.
- 4 incumbents, 3 cross-filed and 1 running only in the Republican primary.
- 6 newcomer candidates, 5 cross-filed and 1 running only in the Democratic primary.
- Winners of the Dem primary: Megan L. Eshleman, Judy L. Brady, Erin L. Small, Kaleb Best, and Peter G. Langseth.
- Winners of the Rep primary: Justin Wolgemuth, Grant W. Keener, Patrick Wagner, Dylan T. Bard, and Fae Skuya.
- No candidate who cross-filed won both primaries. All incumbents will proceed to the municipal election in November.
- Hempfield's 2023 school board election is one of several in the county that has heated up due to Christian and alt-right ideology trickling into local school districts from national organizations.","Candidate sponsored by MCC ""Support Hempfield Schools""",MEGAN,L,ESHLEMAN,,SCHOOL DIRECTOR HEMPFIELD,"https://vr.co.lancaster.pa.us/ElectionReturns/May_16,_2023_-_Municipal_Primary/73.html"
MEGAN MARTIN,JUDGE OF THE COMMONWEALTH COURT,,,Municipal Primary,5,16,2023,REP,open_seat,requested and no records on file,used PA judicial system website & Ballotpedia.,,MEGAN,,MARTIN,,JUDGE OF THE COMMONWEALTH COURT,"https://vr.co.lancaster.pa.us/ElectionReturns/May_16,_2023_-_Municipal_Primary/10.html"
MELISSA ANDERSON,MAGISTERIAL DISTRICT JUDGE,,02-03-04,Municipal Primary,5,16,2023,DEM/REP,open_seat,records scanned,,only scanned 2023 records.,MELISSA,,ANDERSON,,MAGISTERIAL DISTRICT JUDGE 02-3-04,"https://vr.co.lancaster.pa.us/ElectionReturns/May_16,_2023_-_Municipal_Primary/51.html"
MELISSA ANDERSON,MAGISTERIAL DISTRICT JUDGE,,02-03-04,Municipal Primary,5,16,2023,DEM/REP,open_seat,records scanned,,only scanned 2023 records.,MELISSA,,ANDERSON,,MAGISTERIAL DISTRICT JUDGE 02-3-04,"https://vr.co.lancaster.pa.us/ElectionReturns/May_16,_2023_-_Municipal_Primary/52.html"
MELISSA L CARMEN,SCHOOL DIRECTOR,ELIZABETHTOWN AREA SCHOOL DISTRICT,,Municipal Primary,5,16,2023,REP,challenger,requested and no records on file,"'- 5 available spots per party to proceed to the municipal election in November.
- 1 incumbent, Karen Sweigart, cross-filed.
- 14 newcomer candidates, 4 running only in the Democratic primary, 2 running only in the Republican primary, and 8 cross-filed.
- Moore, Zhan, Fuddy, Laszakovitz, and Eichelberger won the Republican primary (in that order).
- Gilles, Carter, Riggelman, Shrum, and Wilson won the Democratic primary (in that order).
- No candidates won both party primaries, and incumbent Karen Sweigert was knocked from her seat.
- The Elizabethtown school board is one of many dealing with contentious alt-right ideology.",,MELISSA,L,CARMEN,,SCHOOL DIRECTOR ELIZABETHTOWN,"https://vr.co.lancaster.pa.us/ElectionReturns/May_16,_2023_-_Municipal_Primary/68.html"
MENNO RIGGELMAN,SCHOOL DIRECTOR,ELIZABETHTOWN AREA SCHOOL DISTRICT,,Municipal Primary,5,16,2023,DEM/REP,challenger,records scanned,"'- 5 available spots per party to proceed to the municipal election in November.
- 1 incumbent, Karen Sweigart, cross-filed.
- 14 newcomer candidates, 4 running only in the Democratic primary, 2 running only in the Republican primary, and 8 cross-filed.
- Moore, Zhan, Fuddy, Laszakovitz, and Eichelberger won the Republican primary (in that order).
- Gilles, Carter, Riggelman, Shrum, and Wilson won the Democratic primary (in that order).
- No candidates won both party primaries, and incumbent Karen Sweigert was knocked from her seat.
- The Elizabethtown school board is one of many dealing with contentious alt-right ideology.",ran as a challenger in 2017 and won. Did not run again in 2021. only scanned 2023 files.,MENNO,,RIGGELMAN,,SCHOOL DIRECTOR ELIZABETHTOWN,"https://vr.co.lancaster.pa.us/ElectionReturns/May_16,_2023_-_Municipal_Primary/67.html"
MENNO RIGGELMAN,SCHOOL DIRECTOR,ELIZABETHTOWN AREA SCHOOL DISTRICT,,Municipal Primary,5,16,2023,DEM/REP,challenger,records scanned,"'- 5 available spots per party to proceed to the municipal election in November.
- 1 incumbent, Karen Sweigart, cross-filed.
- 14 newcomer candidates, 4 running only in the Democratic primary, 2 running only in the Republican primary, and 8 cross-filed.
- Moore, Zhan, Fuddy, Laszakovitz, and Eichelberger won the Republican primary (in that order).
- Gilles, Carter, Riggelman, Shrum, and Wilson won the Democratic primary (in that order).
- No candidates won both party primaries, and incumbent Karen Sweigert was knocked from her seat.
- The Elizabethtown school board is one of many dealing with contentious alt-right ideology.",ran as a challenger in 2017 and won. Did not run again in 2021. only scanned 2023 files.,MENNO,,RIGGELMAN,,SCHOOL DIRECTOR ELIZABETHTOWN,"https://vr.co.lancaster.pa.us/ElectionReturns/May_16,_2023_-_Municipal_Primary/68.html"
MERVIN RAY BEILER,SUPERVISOR,LITTLE BRITAIN TOWNSHIP,,Municipal Primary,5,16,2023,REP,challenger,requested and no records on file,,,MERVIN,RAY,BEILER,,SUPERVISOR LITTLE BRITAIN,"https://vr.co.lancaster.pa.us/ElectionReturns/May_16,_2023_-_Municipal_Primary/360.html"
MICHAEL BROWN,SCHOOL DIRECTOR,WARWICK SCHOOL DISTRICT,,Municipal Primary,5,16,2023,REP,challenger,records scanned,"- Five four-year seats available
- 13 candidates, 4 Republicans and 9 cross-filers
- Kimberly Regennas, Amanda Chap, Lydia de Ardon, Kelleye McMillion and Cynthia Wingenroth win the Democratic primary

",,MICHAEL,,BROWN,,SCHOOL DIRECTOR WARWICK,"https://vr.co.lancaster.pa.us/ElectionReturns/May_16,_2023_-_Municipal_Primary/106.html"
MICHAEL BURKE,SCHOOL DIRECTOR,COLUMBIA BOROUGH SCHOOL DISTRICT,2-YR,Municipal Primary,5,16,2023,DEM/REP,open_seat,requested and no records on file,"- 2 candidates vying for an open seat, both cross-filed.
- Sonya Duncan is a candidate of the MCC PAC ""Forward Tide United.""",,MICHAEL,,BURKE,,SCHOOL DIRECTOR COLUMBIA - 2 YR,"https://vr.co.lancaster.pa.us/ElectionReturns/May_16,_2023_-_Municipal_Primary/59.html"
MICHAEL BURKE,SCHOOL DIRECTOR,COLUMBIA BOROUGH SCHOOL DISTRICT,2-YR,Municipal Primary,5,16,2023,DEM/REP,open_seat,requested and no records on file,"- 2 candidates vying for an open seat, both cross-filed.
- Sonya Duncan is a candidate of the MCC PAC ""Forward Tide United.""",,MICHAEL,,BURKE,,SCHOOL DIRECTOR COLUMBIA - 2 YR,"https://vr.co.lancaster.pa.us/ElectionReturns/May_16,_2023_-_Municipal_Primary/60.html"
MICHAEL D HESS,MAGISTERIAL DISTRICT JUDGE,,02-03-01,Municipal Primary,5,16,2023,REP,open_seat,records scanned,,,MICHAEL,D,HESS,,MAGISTERIAL DISTRICT JUDGE 02-3-01,"https://vr.co.lancaster.pa.us/ElectionReturns/May_16,_2023_-_Municipal_Primary/46.html"
MICHAEL FLANERY,COUNCIL,COLUMBIA BOROUGH,,Municipal Primary,5,16,2023,DEM,challenger,records scanned,,,MICHAEL,,FLANERY,,COUNCIL COLUMBIA,"https://vr.co.lancaster.pa.us/ElectionReturns/May_16,_2023_-_Municipal_Primary/125.html"
MICHAEL HORN,AUDITOR,WEST HEMPFIELD TOWNSHIP,,Municipal Primary,5,16,2023,REP,open_seat,requested and no records on file,,,MICHAEL,,HORN,,AUDITOR WEST HEMPFIELD,"https://vr.co.lancaster.pa.us/ElectionReturns/May_16,_2023_-_Municipal_Primary/326.html"
MICHAEL KAUFHOLD,COUNCIL,MILLERSVILLE BOROUGH,,Municipal Primary,5,16,2023,DEM,open_seat,records scanned,,,MICHAEL,,KAUFHOLD,,COUNCIL MILLERSVILLE,"https://vr.co.lancaster.pa.us/ElectionReturns/May_16,_2023_-_Municipal_Primary/171.html"
MICHAEL ZIMMERMAN,SCHOOL DIRECTOR,MANHEIM TOWNSHIP SCHOOL DISTRICT,,Municipal Primary,5,16,2023,REP,challenger,records scanned,"- Five four-year seats available
- 11 candidates, 6 cross filed, 5 filed only as Republicans
- 2 Incumbents: Hentz and Krueger
- Boldizer, Grenter, Henderson, Woodbury and Hentz were all endorsed by the Democratic party
- Wallace, Adcock, Zimmerman, Burnett, and Krueger were all endorsed by the Republican party
- Vo Wallace, Adcock, Zimmerman, Krueger and Burnett won the Republican primary
- Woodbury, Hentz, Boldizar, Henderson and Grenter won the Democratic Primary
","Candidate sponsored by MCC ""MT Excellence in Education""",MICHAEL,,ZIMMERMAN,,SCHOOL DIRECTOR MANHEIM TOWNSHIP,"https://vr.co.lancaster.pa.us/ElectionReturns/May_16,_2023_-_Municipal_Primary/82.html"
MICHAELA ADCOCK,SCHOOL DIRECTOR,MANHEIM TOWNSHIP SCHOOL DISTRICT,,Municipal Primary,5,16,2023,REP,challenger,records scanned,"- Five four-year seats available
- 11 candidates, 6 cross filed, 5 filed only as Republicans 
- 2 Incumbents: Hentz and Krueger
- Boldizer, Grenter, Henderson, Woodbury and Hentz were all endorsed by the Democratic party 
- Wallace, Adcock, Zimmerman, Burnett, and Krueger were all endorsed by the Republican party
- Vo Wallace, Adcock, Zimmerman, Krueger and Burnett won the Republican primary 
- Woodbury, Hentz, Boldizar, Henderson and Grenter won the Democratic Primary
","Candidate sponsored by MCC ""MT Excellence in Education""",MICHAELA,,ADCOCK,,SCHOOL DIRECTOR MANHEIM TOWNSHIP,"https://vr.co.lancaster.pa.us/ElectionReturns/May_16,_2023_-_Municipal_Primary/82.html"
MICHELLE J PELNA,SCHOOL DIRECTOR,ELIZABETHTOWN AREA SCHOOL DISTRICT,,Municipal Primary,5,16,2023,DEM/REP,challenger,records scanned,"'- 5 available spots per party to proceed to the municipal election in November.
- 1 incumbent, Karen Sweigart, cross-filed.
- 14 newcomer candidates, 4 running only in the Democratic primary, 2 running only in the Republican primary, and 8 cross-filed.
- Moore, Zhan, Fuddy, Laszakovitz, and Eichelberger won the Republican primary (in that order).
- Gilles, Carter, Riggelman, Shrum, and Wilson won the Democratic primary (in that order).
- No candidates won both party primaries, and incumbent Karen Sweigert was knocked from her seat.
- The Elizabethtown school board is one of many dealing with contentious alt-right ideology.",ran as an incumbent and won in 2017. Did not run again in 2021. Ran again in 2023. only scanned 2023 files.,MICHELLE,J,PELNA,,SCHOOL DIRECTOR ELIZABETHTOWN,"https://vr.co.lancaster.pa.us/ElectionReturns/May_16,_2023_-_Municipal_Primary/68.html"
MICHELLE J PELNA,SCHOOL DIRECTOR,ELIZABETHTOWN AREA SCHOOL DISTRICT,,Municipal Primary,5,16,2023,DEM/REP,challenger,records scanned,"'- 5 available spots per party to proceed to the municipal election in November.
- 1 incumbent, Karen Sweigart, cross-filed.
- 14 newcomer candidates, 4 running only in the Democratic primary, 2 running only in the Republican primary, and 8 cross-filed.
- Moore, Zhan, Fuddy, Laszakovitz, and Eichelberger won the Republican primary (in that order).
- Gilles, Carter, Riggelman, Shrum, and Wilson won the Democratic primary (in that order).
- No candidates won both party primaries, and incumbent Karen Sweigert was knocked from her seat.
- The Elizabethtown school board is one of many dealing with contentious alt-right ideology.",ran as an incumbent and won in 2017. Did not run again in 2021. Ran again in 2023. only scanned 2023 files.,MICHELLE,J,PELNA,,SCHOOL DIRECTOR ELIZABETHTOWN,"https://vr.co.lancaster.pa.us/ElectionReturns/May_16,_2023_-_Municipal_Primary/67.html"
MIKE BRUBAKER,SUPERVISOR,EAST DONEGAL TOWNSHIP,,Municipal Primary,5,16,2023,REP,open_seat,requested and no records on file,,,MIKE,,BRUBAKER,,SUPERVISOR EAST DONEGAL,"https://vr.co.lancaster.pa.us/ElectionReturns/May_16,_2023_-_Municipal_Primary/244.html"
MIKE FISHER,SCHOOL DIRECTOR,PEQUEA VALLEY SCHOOL DISTRICT,SALISBURY,Municipal Primary,5,16,2023,REP,open_seat,requested and no records on file,"- One seat available
- Three candidates, all Republicans 
- Mike Fisher wins the Republican nomination ",,MIKE,,FISHER,,SCHOOL DIRECTOR PEQUEA VALLEY - SALISBURY,"https://vr.co.lancaster.pa.us/ElectionReturns/May_16,_2023_-_Municipal_Primary/96.html"
MIKE IRELAND,COUNCIL,NEW HOLLAND BOROUGH,,Municipal Primary,5,16,2023,REP,open_seat,requested and no records on file,,,MIKE,,IRELAND,,COUNCIL NEW HOLLAND,"https://vr.co.lancaster.pa.us/ElectionReturns/May_16,_2023_-_Municipal_Primary/188.html"
MOLLY HENDERSON,SCHOOL DIRECTOR,SCHOOL DISTRICT OF LANCASTER,,Municipal Primary,5,16,2023,DEM/REP,challenger,records scanned,"- Five four-year seats are available 
- Five spots for each party 
- Robin Goodson, Kareena Rios and Molly Henderson are incumbents
- Goodson, Rios, Henderson, Holmes and Desmond are endorsed by the Democratic Party 
- Molly Henderson cross-filed 
- Arthur Mann Sr ran as the sole Republican 
- Rios, Holmes, Henderson, Goodson and Desmond won the Democratic nominations 
- Henderson and Arthur Mann Sr won the Republican nomination
","Candidate sponsored by MCC ""Dems for School Director of Lancaster""",MOLLY,,HENDERSON,,SCHOOL DIRECTOR SCHOOL DISTRICT of LANCASTER,"https://vr.co.lancaster.pa.us/ElectionReturns/May_16,_2023_-_Municipal_Primary/98.html"
MOLLY HENDERSON,SCHOOL DIRECTOR,SCHOOL DISTRICT OF LANCASTER,,Municipal Primary,5,16,2023,DEM/REP,challenger,records scanned,"- Five four-year seats are available 
- Five spots for each party 
- Robin Goodson, Kareena Rios and Molly Henderson are incumbents
- Goodson, Rios, Henderson, Holmes and Desmond are endorsed by the Democratic Party 
- Molly Henderson cross-filed 
- Arthur Mann Sr ran as the sole Republican 
- Rios, Holmes, Henderson, Goodson and Desmond won the Democratic nominations 
- Henderson and Arthur Mann Sr won the Republican nomination
","Candidate sponsored by MCC ""Dems for School Director of Lancaster""",MOLLY,,HENDERSON,,SCHOOL DIRECTOR SCHOOL DISTRICT of LANCASTER,"https://vr.co.lancaster.pa.us/ElectionReturns/May_16,_2023_-_Municipal_Primary/97.html"
MOUSTAPHA DIOP,SUPERVISOR,EAST LAMPETER TOWNSHIP,,Municipal Primary,5,16,2023,DEM,open_seat,requested and no records on file,,,MOUSTAPHA,,DIOP,,SUPERVISOR EAST LAMPETER,"https://vr.co.lancaster.pa.us/ElectionReturns/May_16,_2023_-_Municipal_Primary/329.html"
NANCY ARONSON,COUNCIL,EPHRATA BOROUGH,3RD WARD,Municipal Primary,5,16,2023,REP,open_seat,requested and no records on file,,,NANCY,,ARONSON,,COUNCIL EPHRATA - 3RD WARD,"https://vr.co.lancaster.pa.us/ElectionReturns/May_16,_2023_-_Municipal_Primary/150.html"
NATHAN RYBNER,MAGISTERIAL DISTRICT JUDGE,,02-01-02,Municipal Primary,5,16,2023,DEM/REP,open_seat,records scanned,,,NATHAN,,RYBNER,,MAGISTERIAL DISTRICT JUDGE 02-1-02,"https://vr.co.lancaster.pa.us/ElectionReturns/May_16,_2023_-_Municipal_Primary/30.html"
NATHAN RYBNER,MAGISTERIAL DISTRICT JUDGE,,02-01-02,Municipal Primary,5,16,2023,DEM/REP,open_seat,records scanned,,,NATHAN,,RYBNER,,MAGISTERIAL DISTRICT JUDGE 02-1-02,"https://vr.co.lancaster.pa.us/ElectionReturns/May_16,_2023_-_Municipal_Primary/29.html"
NATHAN VAN NAME,COMMISSIONER,MANHEIM TOWNSHIP,,Municipal Primary,5,16,2023,REP,open_seat,records scanned,,,NATHAN,VAN,NAME,,COMMISSIONER MANHEIM TOWNSHIP,"https://vr.co.lancaster.pa.us/ElectionReturns/May_16,_2023_-_Municipal_Primary/366.html"
NICKY WOODS,CLERK OF THE COURT OF COMMON PLEAS,LANCASTER,,Municipal Primary,5,16,2023,REP,challenger,records scanned,,,NICKY,,WOODS,,CLERK OF THE COURT OF COMMON PLEAS,"https://vr.co.lancaster.pa.us/ElectionReturns/May_16,_2023_-_Municipal_Primary/16.html"
PAT DUGAN,JUDGE OF THE SUPERIOR COURT,,,Municipal Primary,5,16,2023,DEM,open_seat,requested and no records on file,,,PAT,,DUGAN,,JUDGE OF THE SUPERIOR COURT,"https://vr.co.lancaster.pa.us/ElectionReturns/May_16,_2023_-_Municipal_Primary/7.html"
PATRICK GRENTER,SCHOOL DIRECTOR,MANHEIM TOWNSHIP SCHOOL DISTRICT,,Municipal Primary,5,16,2023,DEM/REP,challenger,records scanned,"- Five four-year seats available
- 11 candidates, 6 cross filed, 5 filed only as Republicans
- 2 Incumbents: Hentz and Krueger
- Boldizer, Grenter, Henderson, Woodbury and Hentz were all endorsed by the Democratic party
- Wallace, Adcock, Zimmerman, Burnett, and Krueger were all endorsed by the Republican party
- Vo Wallace, Adcock, Zimmerman, Krueger and Burnett won the Republican primary
- Woodbury, Hentz, Boldizar, Henderson and Grenter won the Democratic Primary
","Candidate sponsored by MCC ""Support MT Schools 2023""",PATRICK,,GRENTER,,SCHOOL DIRECTOR MANHEIM TOWNSHIP,"https://vr.co.lancaster.pa.us/ElectionReturns/May_16,_2023_-_Municipal_Primary/81.html"
PATRICK GRENTER,SCHOOL DIRECTOR,MANHEIM TOWNSHIP SCHOOL DISTRICT,,Municipal Primary,5,16,2023,DEM/REP,challenger,records scanned,"- Five four-year seats available
- 11 candidates, 6 cross filed, 5 filed only as Republicans
- 2 Incumbents: Hentz and Krueger
- Boldizer, Grenter, Henderson, Woodbury and Hentz were all endorsed by the Democratic party
- Wallace, Adcock, Zimmerman, Burnett, and Krueger were all endorsed by the Republican party
- Vo Wallace, Adcock, Zimmerman, Krueger and Burnett won the Republican primary
- Woodbury, Hentz, Boldizar, Henderson and Grenter won the Democratic Primary
","Candidate sponsored by MCC ""Support MT Schools 2023""",PATRICK,,GRENTER,,SCHOOL DIRECTOR MANHEIM TOWNSHIP,"https://vr.co.lancaster.pa.us/ElectionReturns/May_16,_2023_-_Municipal_Primary/82.html"
PAUL MARX,COUNCIL,ADAMSTOWN BOROUGH,,Municipal Primary,5,16,2023,REP,open_seat,requested and no records on file,,,PAUL,,MARX,,COUNCIL ADAMSTOWN,"https://vr.co.lancaster.pa.us/ElectionReturns/May_16,_2023_-_Municipal_Primary/114.html"
PAUL SPANGLER,AUDITOR,CONESTOGA TOWNSHIP,,Municipal Primary,5,16,2023,REP,open_seat,requested and no records on file,,,PAUL,,SPANGLER,,AUDITOR CONESTOGA,"https://vr.co.lancaster.pa.us/ElectionReturns/May_16,_2023_-_Municipal_Primary/238.html"
PETER G LANGSETH,SCHOOL DIRECTOR,HEMPFIELD SCHOOL DISTRICT,,Municipal Primary,5,16,2023,DEM,challenger,records scanned,"- 5 available spots per party.
- 4 incumbents, 3 cross-filed and 1 running only in the Republican primary.
- 6 newcomer candidates, 5 cross-filed and 1 running only in the Democratic primary.
- Winners of the Dem primary: Megan L. Eshleman, Judy L. Brady, Erin L. Small, Kaleb Best, and Peter G. Langseth.
- Winners of the Rep primary: Justin Wolgemuth, Grant W. Keener, Patrick Wagner, Dylan T. Bard, and Fae Skuya.
- No candidate who cross-filed won both primaries. All incumbents will proceed to the municipal election in November.
- Hempfield's 2023 school board election is one of several in the county that has heated up due to Christian and alt-right ideology trickling into local school districts from national organizations.","Candidate sponsored by MCC ""Support Hempfield Schools""",PETER,G,LANGSETH,,SCHOOL DIRECTOR HEMPFIELD,"https://vr.co.lancaster.pa.us/ElectionReturns/May_16,_2023_-_Municipal_Primary/73.html"
PHIL STOLTZFUS,SCHOOL DIRECTOR,EASTERN LANCASTER COUNTY SCHOOL DISTRICT,,Municipal Primary,5,16,2023,REP,challenger,requested and no records on file,"- 5 available spots per party to proceed to the municipal election.
- 3 incumbents, all running in the Republican primary.
- 3 newcomer candidates, 2 running in the Republican primary and 1, Sean Reese, running in the Democratic primary.
- All candidates will proceed to the municipal election with one candidate facing an inevitable loss in November.
- Sean Reese ran and lost in 2021.",,PHIL,,STOLTZFUS,,SCHOOL DIRECTOR EASTERN LANCASTER,"https://vr.co.lancaster.pa.us/ElectionReturns/May_16,_2023_-_Municipal_Primary/66.html"
PHILIP EBY,SCHOOL DIRECTOR,CONESTOGA VALLEY SCHOOL DISTRICT,,Municipal Primary,5,16,2023,REP,challenger,requested and no records on file,"- 5 available spots per party to proceed to the municipal election.
- 2 incumbents, both running in the Republican primary.
- 5 newcomer candidates, 3 running in the Republican primary and 2 running in the Democratic primary.
- All candidates will proceed to the municipal election in November.",,PHILIP,,EBY,,SCHOOL DIRECTOR CONESTOGA VALLEY,"https://vr.co.lancaster.pa.us/ElectionReturns/May_16,_2023_-_Municipal_Primary/62.html"
PHILIP WIMER,AUDITOR,STRASBURG TOWNSHIP,4-YR,Municipal Primary,5,16,2023,REP,open_seat,requested and no records on file,,,PHILIP,,WIMER,,AUDITOR STRASBURG - 4 YR,"https://vr.co.lancaster.pa.us/ElectionReturns/May_16,_2023_-_Municipal_Primary/440.html"
RACHAEL HAVERSTICK,SCHOOL DIRECTOR,WARWICK SCHOOL DISTRICT,,Municipal Primary,5,16,2023,DEM/REP,challenger,records scanned,"- Five four-year seats available
- 13 candidates, 4 Republicans and 9 cross-filers
- Kimberly Regennas, Amanda Chap, Lydia de Ardon, Kelleye McMillion and Cynthia Wingenroth win the Democratic primary
",,RACHAEL,,HAVERSTICK,,SCHOOL DIRECTOR WARWICK,"https://vr.co.lancaster.pa.us/ElectionReturns/May_16,_2023_-_Municipal_Primary/105.html"
RACHAEL HAVERSTICK,SCHOOL DIRECTOR,WARWICK SCHOOL DISTRICT,,Municipal Primary,5,16,2023,DEM/REP,challenger,records scanned,"- Five four-year seats available
- 13 candidates, 4 Republicans and 9 cross-filers
- Kimberly Regennas, Amanda Chap, Lydia de Ardon, Kelleye McMillion and Cynthia Wingenroth win the Democratic primary",,RACHAEL,,HAVERSTICK,,SCHOOL DIRECTOR WARWICK,"https://vr.co.lancaster.pa.us/ElectionReturns/May_16,_2023_-_Municipal_Primary/106.html"
RANDY FOX,SUPERVISOR,RAPHO TOWNSHIP,,Municipal Primary,5,16,2023,REP,open_seat,requested and no records on file,,,RANDY,,FOX,,SUPERVISOR RAPHO,"https://vr.co.lancaster.pa.us/ElectionReturns/May_16,_2023_-_Municipal_Primary/420.html"
REGGIE WEAVER,SCHOOL DIRECTOR,WARWICK SCHOOL DISTRICT,,Municipal Primary,5,16,2023,REP,challenger,requested and no records on file,"- Five four-year seats available
- 13 candidates, 4 Republicans and 9 cross-filers
- Kimberly Regennas, Amanda Chap, Lydia de Ardon, Kelleye McMillion and Cynthia Wingenroth win the Democratic primary",,REGGIE,,WEAVER,,SCHOOL DIRECTOR WARWICK,"https://vr.co.lancaster.pa.us/ElectionReturns/May_16,_2023_-_Municipal_Primary/106.html"
REILLY NOETZEL,SCHOOL DIRECTOR,PENN MANOR SCHOOL DISTRICT,,Municipal Primary,5,16,2023,DEM/REP,challenger,records scanned,"- Five four-year seats available 
- 9 candidates running 
- 4 cross-filed, 5 filed only as Republicans 
- Fullerton, Jackson, Lombardo and Wert are incumbents 
- Noetzel, Guy, Bacon and Hunter are endorsed by the Democratic Party 
- Fullerton, Wert, Beakes, Jackson and Lombardo are endorsed by the Republican party
- Wert, Fullerton, Beakes, Jackson and Lombardo won the Republican primary
- Guy, Noetzel, Bacon and Hunter won the Democratic primary
",,REILLY,,NOETZEL,,SCHOOL DIRECTOR PENN MANOR,"https://vr.co.lancaster.pa.us/ElectionReturns/May_16,_2023_-_Municipal_Primary/87.html"
REILLY NOETZEL,SCHOOL DIRECTOR,PENN MANOR SCHOOL DISTRICT,,Municipal Primary,5,16,2023,DEM/REP,challenger,records scanned,"- Five four-year seats available 
- 9 candidates running 
- 4 cross-filed, 5 filed only as Republicans 
- Fullerton, Jackson, Lombardo and Wert are incumbents 
- Noetzel, Guy, Bacon and Hunter are endorsed by the Democratic Party 
- Fullerton, Wert, Beakes, Jackson and Lombardo are endorsed by the Republican party
- Wert, Fullerton, Beakes, Jackson and Lombardo won the Republican primary
- Guy, Noetzel, Bacon and Hunter won the Democratic primary
",,REILLY,,NOETZEL,,SCHOOL DIRECTOR PENN MANOR,"https://vr.co.lancaster.pa.us/ElectionReturns/May_16,_2023_-_Municipal_Primary/88.html"
RICHARD ALLEN BUCK,MAGISTERIAL DISTRICT JUDGE,,02-03-04,Municipal Primary,5,16,2023,REP,open_seat,records scanned,,,RICHARD,ALLEN,BUCK,,MAGISTERIAL DISTRICT JUDGE 02-3-04,"https://vr.co.lancaster.pa.us/ElectionReturns/May_16,_2023_-_Municipal_Primary/52.html"
RICK SPIEGEL,COUNCIL,MOUNTVILLE BOROUGH,,Municipal Primary,5,16,2023,REP,open_seat,requested and no records on file,,,RICK,,SPIEGEL,,COUNCIL MOUNTVILLE,"https://vr.co.lancaster.pa.us/ElectionReturns/May_16,_2023_-_Municipal_Primary/184.html"
ROBERT L HASLAM,TAX COLLECTOR,MILLERSVILLE,2-YR,Municipal Primary,5,16,2023,REP,open_seat,requested and no records on file,,,ROBERT,L,HASLAM,,TAX COLLECTOR MILLERSVILLE - 2 YR,"https://vr.co.lancaster.pa.us/ElectionReturns/May_16,_2023_-_Municipal_Primary/174.html"
ROBERT M JOHNSON,SUPERVISOR,EAST HEMPFIELD TOWNSHIP,,Municipal Primary,5,16,2023,DEM,challenger,requested and no records on file,,,ROBERT,M,JOHNSON,,SUPERVISOR EAST HEMPFIELD,"https://vr.co.lancaster.pa.us/ElectionReturns/May_16,_2023_-_Municipal_Primary/317.html"
ROBERT WINEGARDNER,SUPERVISOR,EARL TOWNSHIP,,Municipal Primary,5,16,2023,REP,open_seat,requested and no records on file,,,ROBERT,,WINEGARDNER,,SUPERVISOR EARL,"https://vr.co.lancaster.pa.us/ElectionReturns/May_16,_2023_-_Municipal_Primary/270.html"
RYAN ANASTASIO,SUPERVISOR,MARTIC TOWNSHIP,,Municipal Primary,5,16,2023,REP,open_seat,requested and no records on file,,,RYAN,,ANASTASIO,,SUPERVISOR MARTIC,"https://vr.co.lancaster.pa.us/ElectionReturns/May_16,_2023_-_Municipal_Primary/372.html"
RYAN FISHER,SUPERVISOR,MARTIC TOWNSHIP,,Municipal Primary,5,16,2023,REP,open_seat,requested and no records on file,,,RYAN,,FISHER,,SUPERVISOR MARTIC,"https://vr.co.lancaster.pa.us/ElectionReturns/May_16,_2023_-_Municipal_Primary/372.html"
SANDRA DOCK,AUDITOR,LANCASTER TOWNSHIP,4-YR,Municipal Primary,5,16,2023,REP,open_seat,requested and no records on file,,,SANDRA,,DOCK,,AUDITOR LANCASTER - 4 YR,"https://vr.co.lancaster.pa.us/ElectionReturns/May_16,_2023_-_Municipal_Primary/344.html"
SANDRA J CLARK,COUNCIL,STRASBURG BOROUGH,,Municipal Primary,5,16,2023,REP,challenger,requested and no records on file,,,SANDRA,J,CLARK,,COUNCIL STRASBURG,"https://vr.co.lancaster.pa.us/ElectionReturns/May_16,_2023_-_Municipal_Primary/196.html"
SARA WOODBURY,SCHOOL DIRECTOR,MANHEIM TOWNSHIP SCHOOL DISTRICT,,Municipal Primary,5,16,2023,DEM/REP,challenger,requested and no records on file,"- Five four-year seats available
- 11 candidates, 6 cross filed, 5 filed only as Republicans 
- 2 Incumbents: Hentz and Krueger
- Boldizer, Grenter, Henderson, Woodbury and Hentz were all endorsed by the Democratic party 
- Wallace, Adcock, Zimmerman, Burnett, and Krueger were all endorsed by the Republican party
- Vo Wallace, Adcock, Zimmerman, Krueger and Burnett won the Republican primary 
- Woodbury, Hentz, Boldizar, Henderson and Grenter won the Democratic Primary","Candidate sponsored by MCC ""Support MT Schools 2023""",SARA,,WOODBURY,,SCHOOL DIRECTOR MANHEIM TOWNSHIP,"https://vr.co.lancaster.pa.us/ElectionReturns/May_16,_2023_-_Municipal_Primary/81.html"
SARA WOODBURY,SCHOOL DIRECTOR,MANHEIM TOWNSHIP SCHOOL DISTRICT,,Municipal Primary,5,16,2023,DEM/REP,challenger,records scanned,"- Five four-year seats available
- 11 candidates, 6 cross filed, 5 filed only as Republicans 
- 2 Incumbents: Hentz and Krueger
- Boldizer, Grenter, Henderson, Woodbury and Hentz were all endorsed by the Democratic party 
- Wallace, Adcock, Zimmerman, Burnett, and Krueger were all endorsed by the Republican party
- Vo Wallace, Adcock, Zimmerman, Krueger and Burnett won the Republican primary 
- Woodbury, Hentz, Boldizar, Henderson and Grenter won the Democratic Primary","Candidate sponsored by MCC ""Support MT Schools 2023""",SARA,,WOODBURY,,SCHOOL DIRECTOR MANHEIM TOWNSHIP,"https://vr.co.lancaster.pa.us/ElectionReturns/May_16,_2023_-_Municipal_Primary/82.html"
SARAH SLOBOZIEN,TAX COLLECTOR,EAST DONEGAL TOWNSHIP,2-YR,Municipal Primary,5,16,2023,REP,open_seat,requested and no records on file,,,SARAH,,SLOBOZIEN,,TAX COLLECTOR EAST DONEGAL - 2 YR,"https://vr.co.lancaster.pa.us/ElectionReturns/May_16,_2023_-_Municipal_Primary/250.html"
SARAH ZAHN,SCHOOL DIRECTOR,ELIZABETHTOWN AREA SCHOOL DISTRICT,,Municipal Primary,5,16,2023,DEM,challenger,records scanned,"'- 5 available spots per party to proceed to the municipal election in November.
- 1 incumbent, Karen Sweigart, cross-filed.
- 14 newcomer candidates, 4 running only in the Democratic primary, 2 running only in the Republican primary, and 8 cross-filed.
- Moore, Zhan, Fuddy, Laszakovitz, and Eichelberger won the Republican primary (in that order).
- Gilles, Carter, Riggelman, Shrum, and Wilson won the Democratic primary (in that order).
- No candidates won both party primaries, and incumbent Karen Sweigert was knocked from her seat.
- The Elizabethtown school board is one of many dealing with contentious alt-right ideology.","lost in 2021 race. scanned 2021, 2023 files. Candidate sponsored by MCC ""Support Etown Schools",SARAH,,ZAHN,,SCHOOL DIRECTOR ELIZABETHTOWN,"https://vr.co.lancaster.pa.us/ElectionReturns/May_16,_2023_-_Municipal_Primary/67.html"
SCOTT NODEN,COUNCIL,MARIETTA BOROUGH,,Municipal Primary,5,16,2023,REP,open_seat,requested and no records on file,,,SCOTT,,NODEN,,COUNCIL MARIETTA,"https://vr.co.lancaster.pa.us/ElectionReturns/May_16,_2023_-_Municipal_Primary/168.html"
SCOTT SNIPKIE,COUNCIL,EPHRATA BOROUGH,2ND WARD,Municipal Primary,5,16,2023,DEM,challenger,requested and no records on file,,,SCOTT,,SNIPKIE,,COUNCIL EPHRATA - 2ND WARD,"https://vr.co.lancaster.pa.us/ElectionReturns/May_16,_2023_-_Municipal_Primary/147.html"
SEAN COPPER,COUNCIL,QUARRYVILLE,,Municipal Primary,5,16,2023,REP,challenger,requested and no records on file,,,SEAN,,COPPER,,COUNCIL QUARRYVILLE,"https://vr.co.lancaster.pa.us/ElectionReturns/May_16,_2023_-_Municipal_Primary/190.html"
SEAN REESE,SCHOOL DIRECTOR,EASTERN LANCASTER COUNTY SCHOOL DISTRICT,,Municipal Primary,5,16,2023,DEM,challenger,requested and no records on file,"- 5 available spots per party to proceed to the municipal election.
- 3 incumbents, all running in the Republican primary.
- 3 newcomer candidates, 2 running in the Republican primary and 1, Sean Reese, running in the Democratic primary.
- All candidates will proceed to the municipal election with one candidate facing an inevitable loss in November.
- Sean Reese ran and lost in 2021.",,SEAN,,REESE,,SCHOOL DIRECTOR EASTERN LANCASTER,"https://vr.co.lancaster.pa.us/ElectionReturns/May_16,_2023_-_Municipal_Primary/65.html"
SHAWN P MCLAUGHLIN,JUDGE OF THE COURT OF COMMON PLEAS,,,Municipal Primary,5,16,2023,REP,open_seat,records scanned,,,SHAWN,P,MCLAUGHLIN,,JUDGE OF THE COURT OF COMMON PLEAS,"https://vr.co.lancaster.pa.us/ElectionReturns/May_16,_2023_-_Municipal_Primary/12.html"
SHEENA SCHEFFEL,SCHOOL DIRECTOR,OCTORARA AREA SCHOOL DISTRICT,REGION 1,Municipal Primary,5,16,2023,REP,challenger,records scanned,"- 5 Candidates for 3 available seats 
- 4 of the candidates cross filed, Sheena Scheffel only filed as a Republican 
- Karen A Williamson, Sheena Scheffel and Anthony Falgiatore won the Republican primary 
- Lisa Yelovich, and write-in candidates Sheena Scheffel and Brian Norris  won the Democratic primary
",,SHEENA,,SCHEFFEL,,SCHOOL DIRECTOR OCTORARA REGION 1,"https://vr.co.lancaster.pa.us/ElectionReturns/May_16,_2023_-_Municipal_Primary/84.html"
SINDY M POLLARD,SCHOOL DIRECTOR,CONESTOGA VALLEY SCHOOL DISTRICT,,Municipal Primary,5,16,2023,DEM,challenger,requested and no records on file,"- 5 available spots per party to proceed to the municipal election.
- 2 incumbents, both running in the Republican primary.
- 5 newcomer candidates, 3 running in the Republican primary and 2 running in the Democratic primary.
- All candidates will proceed to the municipal election in November.",,SINDY,M,POLLARD,,SCHOOL DIRECTOR CONESTOGA VALLEY,"https://vr.co.lancaster.pa.us/ElectionReturns/May_16,_2023_-_Municipal_Primary/61.html"
SOBEIDA ROSA,SCHOOL DIRECTOR,SCHOOL DISTRICT OF LANCASTER,,Municipal Primary,5,16,2023,DEM,challenger,requested and no records on file,"- Five four-year seats are available 
- Five spots for each party 
- Robin Goodson, Kareena Rios and Molly Henderson are incumbents
- Goodson, Rios, Henderson, Holmes and Desmond are endorsed by the Democratic Party 
- Molly Henderson cross-filed 
- Arthur Mann Sr ran as the sole Republican 
- Rios, Holmes, Henderson, Goodson and Desmond won the Democratic nominations 
- Henderson and Arthur Mann Sr won the Republican nomination
",,SOBEIDA,,ROSA,,SCHOOL DIRECTOR SCHOOL DISTRICT of LANCASTER,"https://vr.co.lancaster.pa.us/ElectionReturns/May_16,_2023_-_Municipal_Primary/97.html"
SONYA DUNCAN,SCHOOL DIRECTOR,COLUMBIA BOROUGH SCHOOL DISTRICT,2-YR,Municipal Primary,5,16,2023,DEM/REP,open_seat,records scanned,"- 2 candidates vying for an open seat, both cross-filed.
- Sonya Duncan is a candidate of the MCC PAC ""Forward Tide United.""",,SONYA,,DUNCAN,,SCHOOL DIRECTOR COLUMBIA - 2 YR,"https://vr.co.lancaster.pa.us/ElectionReturns/May_16,_2023_-_Municipal_Primary/60.html"
SONYA DUNCAN,SCHOOL DIRECTOR,COLUMBIA BOROUGH SCHOOL DISTRICT,2-YR,Municipal Primary,5,16,2023,DEM/REP,open_seat,records scanned,"- 2 candidates vying for an open seat, both cross-filed.
- Sonya Duncan is a candidate of the MCC PAC ""Forward Tide United.""",,SONYA,,DUNCAN,,SCHOOL DIRECTOR COLUMBIA - 2 YR,"https://vr.co.lancaster.pa.us/ElectionReturns/May_16,_2023_-_Municipal_Primary/59.html"
STEVE STOUFFER,SCHOOL DIRECTOR,ELIZABETHTOWN AREA SCHOOL DISTRICT,,Municipal Primary,5,16,2023,DEM/REP,challenger,records scanned,"'- 5 available spots per party to proceed to the municipal election in November.
- 1 incumbent, Karen Sweigart, cross-filed.
- 14 newcomer candidates, 4 running only in the Democratic primary, 2 running only in the Republican primary, and 8 cross-filed.
- Moore, Zhan, Fuddy, Laszakovitz, and Eichelberger won the Republican primary (in that order).
- Gilles, Carter, Riggelman, Shrum, and Wilson won the Democratic primary (in that order).
- No candidates won both party primaries, and incumbent Karen Sweigert was knocked from her seat.
- The Elizabethtown school board is one of many dealing with contentious alt-right ideology.",,STEVE,,STOUFFER,,SCHOOL DIRECTOR ELIZABETHTOWN,"https://vr.co.lancaster.pa.us/ElectionReturns/May_16,_2023_-_Municipal_Primary/68.html"
STEVE STOUFFER,SCHOOL DIRECTOR,ELIZABETHTOWN AREA SCHOOL DISTRICT,,Municipal Primary,5,16,2023,DEM/REP,challenger,records scanned,"'- 5 available spots per party to proceed to the municipal election in November.
- 1 incumbent, Karen Sweigart, cross-filed.
- 14 newcomer candidates, 4 running only in the Democratic primary, 2 running only in the Republican primary, and 8 cross-filed.
- Moore, Zhan, Fuddy, Laszakovitz, and Eichelberger won the Republican primary (in that order).
- Gilles, Carter, Riggelman, Shrum, and Wilson won the Democratic primary (in that order).
- No candidates won both party primaries, and incumbent Karen Sweigert was knocked from her seat.
- The Elizabethtown school board is one of many dealing with contentious alt-right ideology.",,STEVE,,STOUFFER,,SCHOOL DIRECTOR ELIZABETHTOWN,"https://vr.co.lancaster.pa.us/ElectionReturns/May_16,_2023_-_Municipal_Primary/67.html"
STEVEN E WOLPERT,SCHOOL DIRECTOR,PENN MANOR SCHOOL DISTRICT,2-YR,Municipal Primary,5,16,2023,REP,open_seat,requested and no records on file,"- One seat available 
- Three candidates, all Republicans 
- Incumbent Mitchell Sweigert wins the Republican Primary ",,STEVEN,E,WOLPERT,,SCHOOL DIRECTOR PENN MANOR - 2 YR,"https://vr.co.lancaster.pa.us/ElectionReturns/May_16,_2023_-_Municipal_Primary/90.html"
STEVEN R CHARLES SR,AUDITOR,MANOR TOWNSHIP,,Municipal Primary,5,16,2023,REP,open_seat,requested and no records on file,,,STEVEN,R,CHARLES,Sr,AUDITOR MANOR,"https://vr.co.lancaster.pa.us/ElectionReturns/May_16,_2023_-_Municipal_Primary/370.html"
SUSAN DICKLITCH-NELSON,SUPERVISOR,WEST HEMPFIELD TOWNSHIP,,Municipal Primary,5,16,2023,DEM,open_seat,records scanned,,,SUSAN,,DICKLITCH-NELSON,,SUPERVISOR WEST HEMPFIELD,"https://vr.co.lancaster.pa.us/ElectionReturns/May_16,_2023_-_Municipal_Primary/323.html"
TAMARA WANNER,SCHOOL DIRECTOR,PEQUEA VALLEY SCHOOL DISTRICT,SALISBURY,Municipal Primary,5,16,2023,REP,open_seat,requested and no records on file,"- One seat available 
- Three candidates, all Republican
- Mike Fisher wins the Republican primary
",,TAMARA,,WANNER,,SCHOOL DIRECTOR PEQUEA VALLEY - SALISBURY,"https://vr.co.lancaster.pa.us/ElectionReturns/May_16,_2023_-_Municipal_Primary/96.html"
TAMMY HIGGINS,AUDITOR,LANCASTER TOWNSHIP,,Municipal Primary,5,16,2023,REP,open_seat,requested and no records on file,,,TAMMY,,HIGGINS,,AUDITOR LANCASTER,"https://vr.co.lancaster.pa.us/ElectionReturns/May_16,_2023_-_Municipal_Primary/342.html"
TANNIA CARPENTER,COUNCIL,LITITZ BOROUGH,2ND WARD,Municipal Primary,5,16,2023,REP,open_seat,requested and no records on file,,,TANNIA,,CARPENTER,,COUNCIL LITITZ - 2ND WARD,"https://vr.co.lancaster.pa.us/ElectionReturns/May_16,_2023_-_Municipal_Primary/158.html"
TARA RUBY,CLERK OF THE COURT OF COMMON PLEAS,LANCASTER,,Municipal Primary,5,16,2023,DEM,challenger,records scanned,,,TARA,,RUBY,,CLERK OF THE COURT OF COMMON PLEAS,"https://vr.co.lancaster.pa.us/ElectionReturns/May_16,_2023_-_Municipal_Primary/15.html"
TENE DARBY,COUNCIL,LANCASTER CITY,,Municipal Primary,5,16,2023,DEM,challenger,records scanned,,,TENE,,DARBY,,COUNCIL LANCASTER CITY,"https://vr.co.lancaster.pa.us/ElectionReturns/May_16,_2023_-_Municipal_Primary/109.html"
TERRANCE HENDERSON,SCHOOL DIRECTOR,MANHEIM TOWNSHIP SCHOOL DISTRICT,,Municipal Primary,5,16,2023,DEM/REP,challenger,records scanned,"- Five four-year seats available
- 11 candidates, 6 cross filed, 5 filed only as Republicans
- 2 Incumbents: Hentz and Krueger
- Boldizer, Grenter, Henderson, Woodbury and Hentz were all endorsed by the Democratic party
- Wallace, Adcock, Zimmerman, Burnett, and Krueger were all endorsed by the Republican party
- Vo Wallace, Adcock, Zimmerman, Krueger and Burnett won the Republican primary
- Woodbury, Hentz, Boldizar, Henderson and Grenter won the Democratic Primary
","Candidate sponsored by MCC ""Support MT Schools 2023""",TERRANCE,,HENDERSON,,SCHOOL DIRECTOR MANHEIM TOWNSHIP,"https://vr.co.lancaster.pa.us/ElectionReturns/May_16,_2023_-_Municipal_Primary/82.html"
TERRANCE HENDERSON,SCHOOL DIRECTOR,MANHEIM TOWNSHIP SCHOOL DISTRICT,,Municipal Primary,5,16,2023,DEM/REP,challenger,records scanned,"- Five four-year seats available
- 11 candidates, 6 cross filed, 5 filed only as Republicans
- 2 Incumbents: Hentz and Krueger
- Boldizer, Grenter, Henderson, Woodbury and Hentz were all endorsed by the Democratic party
- Wallace, Adcock, Zimmerman, Burnett, and Krueger were all endorsed by the Republican party
- Vo Wallace, Adcock, Zimmerman, Krueger and Burnett won the Republican primary
- Woodbury, Hentz, Boldizar, Henderson and Grenter won the Democratic Primary
","Candidate sponsored by MCC ""Support MT Schools 2023""",TERRANCE,,HENDERSON,,SCHOOL DIRECTOR MANHEIM TOWNSHIP,"https://vr.co.lancaster.pa.us/ElectionReturns/May_16,_2023_-_Municipal_Primary/81.html"
TERRY DIEHL,AUDITOR,ELIZABETH TOWNSHIP,,Municipal Primary,5,16,2023,REP,open_seat,requested and no records on file,,,TERRY,,DIEHL,,AUDITOR ELIZABETH,"https://vr.co.lancaster.pa.us/ElectionReturns/May_16,_2023_-_Municipal_Primary/306.html"
TESS VO WALLACE,SCHOOL DIRECTOR,MANHEIM TOWNSHIP SCHOOL DISTRICT,,Municipal Primary,5,16,2023,REP,challenger,records scanned,"- Five four-year seats available
- 11 candidates, 6 cross filed, 5 filed only as Republicans 
- 2 Incumbents: Hentz and Krueger
- Boldizer, Grenter, Henderson, Woodbury and Hentz were all endorsed by the Democratic party 
- Wallace, Adcock, Zimmerman, Burnett, and Krueger were all endorsed by the Republican party
- Vo Wallace, Adcock, Zimmerman, Krueger and Burnett won the Republican primary 
- Woodbury, Hentz, Boldizar, Henderson and Grenter won the Democratic Primary
","Candidate sponsored by MCC ""MT Excellence in Education""",TESS,VO,WALLACE,,SCHOOL DIRECTOR MANHEIM TOWNSHIP,"https://vr.co.lancaster.pa.us/ElectionReturns/May_16,_2023_-_Municipal_Primary/82.html"
THERESA BAKER,COUNCIL,MOUNTVILLE BOROUGH,,Municipal Primary,5,16,2023,DEM,open_seat,requested and no records on file,,,THERESA,,BAKER,,COUNCIL MOUNTVILLE,"https://vr.co.lancaster.pa.us/ElectionReturns/May_16,_2023_-_Municipal_Primary/183.html"
THOMAS SPRING,SUPERVISOR,EDEN TOWNSHIP,,Municipal Primary,5,16,2023,REP,challenger,requested and no records on file,,,THOMAS,,SPRING,,SUPERVISOR EDEN,"https://vr.co.lancaster.pa.us/ElectionReturns/May_16,_2023_-_Municipal_Primary/296.html"
TIMIKA LANE,JUDGE OF THE SUPERIOR COURT,,,Municipal Primary,5,16,2023,DEM,open_seat,requested and no records on file,,,TIMIKA,,LANE,,JUDGE OF THE SUPERIOR COURT,"https://vr.co.lancaster.pa.us/ElectionReturns/May_16,_2023_-_Municipal_Primary/7.html"
TIMOTHY L CRAVEN,SCHOOL DIRECTOR,EPHRATA AREA SCHOOL DISTRICT,,Municipal Primary,5,16,2023,DEM,challenger,requested and no records on file,"- 5 available spots per party.
- 4 incumbents, all running only in the Republican primary.
- 2 newcomer candidates, Republican Jason Breckbill and Democrat Timothy L. Craven.
- All candidates will proceed to the municipal election in November.
- Tim Craven is a former board member, according to LNP Archives.",,TIMOTHY,L,CRAVEN,,SCHOOL DIRECTOR EPHRATA,"https://vr.co.lancaster.pa.us/ElectionReturns/May_16,_2023_-_Municipal_Primary/69.html"
TIMOTHY W GUY,SCHOOL DIRECTOR,PENN MANOR SCHOOL DISTRICT,,Municipal Primary,5,16,2023,DEM/REP,challenger,records scanned,"- Five four-year seats available
- 9 candidates running
- 4 cross-filed, 5 filed only as Republicans
- Fullerton, Jackson, Lombardo and Wert are incumbents
- Noetzel, Guy, Bacon and Hunter are endorsed by the Democratic Party
- Fullerton, Wert, Beakes, Jackson and Lombardo are endorsed by the Republican party
- Wert, Fullerton, Beakes, Jackson and Lombardo won the Republican primary
- Guy, Noetzel, Bacon and Hunter won the Democratic primary
",,TIMOTHY,W,GUY,,SCHOOL DIRECTOR PENN MANOR,"https://vr.co.lancaster.pa.us/ElectionReturns/May_16,_2023_-_Municipal_Primary/87.html"
TIMOTHY W GUY,SCHOOL DIRECTOR,PENN MANOR SCHOOL DISTRICT,,Municipal Primary,5,16,2023,DEM/REP,challenger,records scanned,"- Five four-year seats available
- 9 candidates running
- 4 cross-filed, 5 filed only as Republicans
- Fullerton, Jackson, Lombardo and Wert are incumbents
- Noetzel, Guy, Bacon and Hunter are endorsed by the Democratic Party
- Fullerton, Wert, Beakes, Jackson and Lombardo are endorsed by the Republican party
- Wert, Fullerton, Beakes, Jackson and Lombardo won the Republican primary
- Guy, Noetzel, Bacon and Hunter won the Democratic primary
",,TIMOTHY,W,GUY,,SCHOOL DIRECTOR PENN MANOR,"https://vr.co.lancaster.pa.us/ElectionReturns/May_16,_2023_-_Municipal_Primary/88.html"
TINA WILSON,SCHOOL DIRECTOR,ELIZABETHTOWN AREA SCHOOL DISTRICT,,Municipal Primary,5,16,2023,DEM/REP,challenger,records scanned,"'- 5 available spots per party to proceed to the municipal election in November.
- 1 incumbent, Karen Sweigart, cross-filed.
- 14 newcomer candidates, 4 running only in the Democratic primary, 2 running only in the Republican primary, and 8 cross-filed.
- Moore, Zhan, Fuddy, Laszakovitz, and Eichelberger won the Republican primary (in that order).
- Gilles, Carter, Riggelman, Shrum, and Wilson won the Democratic primary (in that order).
- No candidates won both party primaries, and incumbent Karen Sweigert was knocked from her seat.
- The Elizabethtown school board is one of many dealing with contentious alt-right ideology.",,TINA,,WILSON,,SCHOOL DIRECTOR ELIZABETHTOWN,"https://vr.co.lancaster.pa.us/ElectionReturns/May_16,_2023_-_Municipal_Primary/68.html"
TINA WILSON,SCHOOL DIRECTOR,ELIZABETHTOWN AREA SCHOOL DISTRICT,,Municipal Primary,5,16,2023,DEM/REP,challenger,records scanned,"'- 5 available spots per party to proceed to the municipal election in November.
- 1 incumbent, Karen Sweigart, cross-filed.
- 14 newcomer candidates, 4 running only in the Democratic primary, 2 running only in the Republican primary, and 8 cross-filed.
- Moore, Zhan, Fuddy, Laszakovitz, and Eichelberger won the Republican primary (in that order).
- Gilles, Carter, Riggelman, Shrum, and Wilson won the Democratic primary (in that order).
- No candidates won both party primaries, and incumbent Karen Sweigert was knocked from her seat.
- The Elizabethtown school board is one of many dealing with contentious alt-right ideology.",,TINA,,WILSON,,SCHOOL DIRECTOR ELIZABETHTOWN,"https://vr.co.lancaster.pa.us/ElectionReturns/May_16,_2023_-_Municipal_Primary/67.html"
TODD BROWN,JUDGE OF THE COURT OF COMMON PLEAS,,,Municipal Primary,5,16,2023,REP,open_seat,records scanned,,,TODD,,BROWN,,JUDGE OF THE COURT OF COMMON PLEAS,"https://vr.co.lancaster.pa.us/ElectionReturns/May_16,_2023_-_Municipal_Primary/12.html"
TODD HECKMAN,SCHOOL DIRECTOR,MANHEIM TOWNSHIP SCHOOL DISTRICT,,Municipal Primary,5,16,2023,DEM/REP,challenger,records scanned,"- Five four-year seats available
- 11 candidates, 6 cross filed, 5 filed only as Republicans
- 2 Incumbents: Hentz and Krueger
- Boldizer, Grenter, Henderson, Woodbury and Hentz were all endorsed by the Democratic party
- Wallace, Adcock, Zimmerman, Burnett, and Krueger were all endorsed by the Republican party
- Vo Wallace, Adcock, Zimmerman, Krueger and Burnett won the Republican primary
- Woodbury, Hentz, Boldizar, Henderson and Grenter won the Democratic Primary
",,TODD,,HECKMAN,,SCHOOL DIRECTOR MANHEIM TOWNSHIP,"https://vr.co.lancaster.pa.us/ElectionReturns/May_16,_2023_-_Municipal_Primary/81.html"
TODD HECKMAN,SCHOOL DIRECTOR,MANHEIM TOWNSHIP SCHOOL DISTRICT,,Municipal Primary,5,16,2023,DEM/REP,challenger,records scanned,"- Five four-year seats available
- 11 candidates, 6 cross filed, 5 filed only as Republicans
- 2 Incumbents: Hentz and Krueger
- Boldizer, Grenter, Henderson, Woodbury and Hentz were all endorsed by the Democratic party
- Wallace, Adcock, Zimmerman, Burnett, and Krueger were all endorsed by the Republican party
- Vo Wallace, Adcock, Zimmerman, Krueger and Burnett won the Republican primary
- Woodbury, Hentz, Boldizar, Henderson and Grenter won the Democratic Primary
",,TODD,,HECKMAN,,SCHOOL DIRECTOR MANHEIM TOWNSHIP,"https://vr.co.lancaster.pa.us/ElectionReturns/May_16,_2023_-_Municipal_Primary/82.html"
TORREY LANDIS,MAGISTERIAL DISTRICT JUDGE,,02-02-07,Municipal Primary,5,16,2023,DEM/REP,open_seat,records scanned,,,TORREY,,LANDIS,,MAGISTERIAL DISTRICT JUDGE 02-2-07,"https://vr.co.lancaster.pa.us/ElectionReturns/May_16,_2023_-_Municipal_Primary/41.html"
TORREY LANDIS,MAGISTERIAL DISTRICT JUDGE,,02-02-07,Municipal Primary,5,16,2023,DEM/REP,open_seat,records scanned,,,TORREY,,LANDIS,,MAGISTERIAL DISTRICT JUDGE 02-2-07,"https://vr.co.lancaster.pa.us/ElectionReturns/May_16,_2023_-_Municipal_Primary/42.html"
TYSON A WOODS,AUDITOR,MOUNT JOY TOWNSHIP,4-YR,Municipal Primary,5,16,2023,REP,open_seat,requested and no records on file,,,TYSON,A,WOODS,,AUDITOR MT JOY - 4 YR,"https://vr.co.lancaster.pa.us/ElectionReturns/May_16,_2023_-_Municipal_Primary/382.html"
VIOLET WEITZEL,COUNCIL,LITITZ BOROUGH,3RD WARD,Municipal Primary,5,16,2023,REP,open_seat,requested and no records on file,,,VIOLET,,WEITZEL,,COUNCIL LITITZ - 3RD WARD,"https://vr.co.lancaster.pa.us/ElectionReturns/May_16,_2023_-_Municipal_Primary/160.html"
WARREN WALTER,AUDITOR,PROVIDENCE TOWNSHIP,,Municipal Primary,5,16,2023,REP,open_seat,requested and no records on file,,,WARREN,,WALTER,,AUDITOR PROVIDENCE,"https://vr.co.lancaster.pa.us/ElectionReturns/May_16,_2023_-_Municipal_Primary/416.html"
ZOEY GEYER,SCHOOL DIRECTOR,COLUMBIA BOROUGH SCHOOL DISTRICT,,Municipal Primary,5,16,2023,REP,challenger,requested and no records on file,"- 5 available spots for each party to proceed to the general election.
- 4 incumbents: all cross-filed.
- 6 newcomer candidates: 4 cross-filed, 1 republican, 1 democrat.
- Of 10 candidates, only 1 was knocked in primaries: Brittany Knighton, newcomer and democrat. All incumbents and others will proceed to the municipal election in November.
- Lauren VonStetten, Sandra Duncan, Sonya Duncan, Kathleen Hohenadel, Charles Leader, and Chris Misciagna are candidates of the MCC PAC ""Forward Tide United.""",,ZOEY,,GEYER,,SCHOOL DIRECTOR COLUMBIA,"https://vr.co.lancaster.pa.us/ElectionReturns/May_16,_2023_-_Municipal_Primary/58.html"